const EN_DLC_CAT_NAMES = ["Caligold", "Sunsnug", "Ranger", "Link", "Mario", "Tom Nook", "Meowniac", "Happy", "Nekomichi", "Fox", "Zelda", "Samus", "Boonyah", "Nyanbo", "Univer", "Zombie Cat", "Danger", "Bahamut", "Tora", "Monqlo", "Nekki", "Nekojiro", "Morgiana", "Polytan", "", "", "", "", "", "", "", "", "", "", "", "", "", "", "", "", "", "", "", "", "", "", "", "", "", "", "", "", "", "", "", "", "", "Ranger 2", "Araujo", "Dahdrai"];

const JP_DLC_CAT_NAMES = ["ミケゴールド", "ぽかぽか", "モジャヴ", "リンク", "マリオ", "たぬきち", "マニャ", "ハッピー", "小野田ネコ道", "フォックス", "ゼルダ", "サムス", "坊ニャ春道", "ニャンボー", "ユニバー", "ゾンビーネコ", "でんぢゃらす", "バハムート", "とら", "モンクロ", "ネッキー", "範馬ネコ次郎", "モルジアニャ", "ポリタン", "ナジャヴ", "ニャリック", "ツタリーヌ", "ぐでネコ", "カリーヤン", "カリムーチョ", "ナナコＸ", "パセルー", "ドデカ☆ミン", "ＫＩＲＩＭＩ", "バルキリー", "セブンＸ", "バーミニャン", "熟成肉提供猫", "ツタオ", "ユニバーＸＸ", "ニャリック", "銀ちゃん", "ナナコＸＸ", "スクニャップ", "パセルーＸＸ", "ジョイル－", "すえちょん", "とったん", "てちてち", "うぃっしゅ", "ｕｅ．", "ケモノオウジ", "ソメ", "ニャンマユ", "ROCK STEP", "ゲッター", "イツザイ", "", "", ""];

const DLC_CAT_SKILLS = [
	"Dragon Res Up", "Water Res Up", "Ranged Attack Up", "Wind Waker", "Super Mushroom", "Shopkeeping",
	"Ice Res Up", "Aera", "High Cadence", "Landmaster", "Triforce", "Morph Ball Bomb",
	"Baddest Cat Ever", "Sonic Mini Bombay", "Universal", "Zombie", "Desperation", "Megaflare",
	"Nagatobimaru", "Fashion Sense", "DEF-centric", "World's Strongest", "Fanalis", "Thunder Res Up",
	"Fire Res Up", "DEF-centric", "Ice Res Up", "Jugido", "Fire Res Up", "STAM-centric",
	"STAM-centric", "DEF-centric", "STAM-centric", "Bento Jutsu", "Diva", "DEF-centric",
	"Pro Roller", "Pro Burrower", "Ice Boost", "Extend Beast", "Extreme DEF-centric", "Felyne Protection",
	"Guts", "Pro Hatter", "Extend SP State", "Pro Experience", "Weakness Exploit", "Water Boost",
	"Extend SP State", "", "", "", "", "",
	"", "", "", "Ranged Attack Up", "Pro Transporter", "Dragon Boost",
];

const DLC_CAT_DEFAULTS = [
	1, 1, 1, 1, 1, 1,
	1, 1, 1, 1, 1, 1,
	1, 1, 1, 1, 1, 1,
	1, 1, 1, 1, 1, 1,
	2, 2, 2, 2, 2, 2,
	2, 0, 2, 2, 2, 2,
	2, 2, 2, 2, 2, 2,
	2, 2, 2, 2, 2, 2,
	2, 0, 0, 0, 0, 0,
	0, 0, 0, 0, 1, 1
];

const DLC_CAT_ID_MAP = [
	0x65, 0x64, 0x80, 0x76, 0x78, 0x79, 0x7D, 0x6D, 0x67, 0x77,
	0x7A, 0x7B, 0x66, 0x70, 0x72, 0x69, 0x6A, 0x7C, 0x6B, 0x71,
	0x6E, 0x68, 0x6C, 0x6F, 0x7F, 0x83, 0x84, 0x74, 0x81, 0x82,
	0x85, 0x86, 0x7E, 0x73, 0x75, 0x8E, 0x93, 0x94, 0x95, 0x91,
	0x96, 0x92, 0x97, 0x90, 0x98, 0x99, 0x9A, 0x9B, 0x9C, 0x87,
	0x8A, 0x89, 0x8B, 0x88, 0x8C, 0x8D, 0x8F, 0x9D, 0x9F, 0x9E
];


const DLC_CAT_DATA_EMPTY = new Uint8Array([
		0x00, 0x00, 0x00, 0x00, 0x00, 0x00, 0x00, 0x00, 0x00, 0x00, 0x00, 0x00, 0x00, 0x00, 0x00, 0x00,
		0x00, 0x00, 0x00, 0x00, 0x00, 0x00, 0x00, 0x00, 0x00, 0x00, 0x00, 0x00, 0x00, 0x00, 0x00, 0x00,
		0x00, 0x00, 0x00, 0x00, 0x00, 0x00, 0x00, 0x00, 0x00, 0x00, 0x00, 0x00, 0x00, 0x00, 0x00, 0x00,
		0x00, 0x00, 0x00, 0x00, 0x00, 0x00, 0x00, 0x00, 0x00, 0x00, 0x00, 0x00, 0x00, 0x00, 0x00, 0x00,
		0x00, 0x00, 0x00, 0x00, 0x00, 0x00, 0x00, 0x00, 0x00, 0x00, 0x00, 0x00, 0x00, 0x00, 0x00, 0x00,
		0x00, 0x00, 0x00, 0x00, 0x00, 0x00, 0x00, 0x00, 0x00, 0x00, 0x00, 0x00, 0x00, 0x00, 0x00, 0x00,
		0x00, 0x00, 0x00, 0x00, 0x00, 0x00, 0x00, 0x00, 0x00, 0x00, 0x00, 0x00, 0x00, 0x00, 0x00, 0x00,
		0x00, 0x00, 0x00, 0x00, 0x00, 0x00, 0x00, 0x00, 0x00, 0x00, 0x00, 0x00, 0x00, 0x00, 0x00, 0x00,
		0x00, 0x00, 0x00, 0x00, 0x00, 0x00, 0x00, 0x00, 0x00, 0x00, 0x00, 0x00, 0x00, 0x00, 0x00, 0x00,
		0x00, 0x00, 0x00, 0x00, 0x00, 0x00, 0x00, 0x00, 0x00, 0x00, 0x00, 0x00, 0x00, 0x00, 0x00, 0x00,
		0x00, 0x00, 0x00, 0x00, 0x00, 0x00, 0x00, 0x00, 0x00, 0x00, 0x00, 0x00, 0x00, 0x00, 0x00, 0x00,
		0x00, 0x00, 0x00, 0x00, 0x00, 0x00, 0x00, 0x00, 0x00, 0x00, 0x00, 0x00, 0x00, 0x00, 0x00, 0x00,
		0x00, 0x00, 0x00, 0x00, 0x00, 0x00, 0x00, 0x00, 0x00, 0x00, 0x00, 0x00, 0x00, 0x00, 0x00, 0x00,
		0x00, 0x00, 0x00, 0x00, 0x00, 0x00, 0x00, 0x00, 0x00, 0x00, 0x00, 0x00, 0x00, 0x00, 0x00, 0x00,
		0x00, 0x00, 0x00, 0x00, 0x00, 0x00, 0x00, 0x00, 0x00, 0x00, 0x00, 0x00, 0x00, 0x00, 0x00, 0x00,
		0x00, 0x00, 0x00, 0x00, 0x00, 0x00, 0x00, 0x00, 0x00, 0x00, 0x00, 0x00, 0x00, 0x00, 0x00, 0x00,
		0xFF, 0xFF, 0xFF, 0xFF, 0xFF, 0xFF, 0xFF, 0xFF, 0xFF, 0xFF, 0xFF, 0xFF, 0xFF, 0xFF, 0x00, 0x00,
		0x00, 0x00, 0x00, 0x00, 0x00, 0x00, 0x00, 0x00, 0x00, 0x00, 0x00, 0x00, 0x00, 0xFF, 0x00, 0x00,
		0x00, 0xFF, 0x00, 0x00, 0x00, 0xFF, 0x00, 0x00, 0x00, 0xFF, 0x00, 0x00, 0x00, 0xFF, 0x00, 0x00,
		0x00, 0xFF, 0x00, 0x00, 0x00, 0xFF, 0x00, 0x00, 0x00, 0xFF, 0x00, 0x00, 0x00, 0xFF, 0x00, 0x00,
		0x00, 0x00, 0xFF, 0xFF,
	]);

const EN_DLC_CAT_DATA = [
	new Uint8Array([
		0x53, 0x75, 0x6E, 0x73, 0x6E, 0x75, 0x67, 0x00, 0x00, 0x00, 0x00, 0x00, 0x00, 0x00, 0x00, 0x00,
		0x00, 0x00, 0x00, 0x00, 0x00, 0x00, 0x00, 0x00, 0x00, 0x00, 0x00, 0x00, 0x00, 0x00, 0x00, 0x00,
		0x00, 0x00, 0x00, 0x00, 0x00, 0x06, 0x37, 0x01, 0x25, 0x1B, 0x00, 0x00, 0x00, 0x00, 0x00, 0x00,
		0x00, 0x00, 0x00, 0x00, 0x00, 0x00, 0x00, 0x00, 0x25, 0x1B, 0x09, 0x01, 0x04, 0x16, 0x17, 0x20,
		0x2A, 0x2B, 0x00, 0x00, 0x39, 0x39, 0x39, 0x39, 0x2C, 0x16, 0x17, 0x49, 0x1B, 0x21, 0x2F, 0x00,
		0x00, 0x60, 0x60, 0x60, 0x01, 0x0C, 0x05, 0x09, 0x00, 0x00, 0x00, 0x00, 0x00, 0x00, 0x00, 0x64,
		0x4C, 0x6F, 0x76, 0x69, 0x6E, 0x27, 0x20, 0x6C, 0x69, 0x66, 0x65, 0x21, 0x00, 0x00, 0x00, 0x00,
		0x00, 0x00, 0x00, 0x00, 0x00, 0x00, 0x00, 0x00, 0x00, 0x00, 0x00, 0x00, 0x00, 0x00, 0x00, 0x00,
		0x00, 0x00, 0x00, 0x00, 0x00, 0x00, 0x00, 0x00, 0x00, 0x00, 0x00, 0x00, 0x00, 0x00, 0x00, 0x00,
		0x00, 0x00, 0x00, 0x00, 0x00, 0x00, 0x00, 0x00, 0x00, 0x00, 0x00, 0x00, 0x43, 0x61, 0x70, 0x63,
		0x6F, 0x6D, 0x00, 0x00, 0x00, 0x00, 0x00, 0x00, 0x00, 0x00, 0x00, 0x00, 0x00, 0x00, 0x00, 0x00,
		0x00, 0x00, 0x00, 0x00, 0x00, 0x00, 0x00, 0x00, 0x00, 0x00, 0x00, 0x00, 0x00, 0x00, 0x00, 0x00,
		0x00, 0x00, 0x00, 0x00, 0x00, 0x00, 0x00, 0x00, 0x00, 0x00, 0x00, 0x00, 0x00, 0x00, 0x00, 0x00,
		0x00, 0x00, 0x00, 0x00, 0x00, 0x00, 0x00, 0x00, 0x00, 0x00, 0x00, 0x00, 0x00, 0x00, 0x02, 0x00,
		0x80, 0x05, 0x00, 0x00, 0x00, 0x00, 0x00, 0x00, 0x00, 0x00, 0x00, 0x00, 0x00, 0x00, 0x00, 0x00,
		0x00, 0x00, 0x00, 0x00, 0x00, 0x00, 0x00, 0x00, 0x00, 0x00, 0x00, 0x00, 0x00, 0x00, 0x00, 0x00,
		0xFF, 0xFF, 0xFF, 0xFF, 0xFF, 0xFF, 0xFF, 0xFF, 0xFF, 0xFF, 0xFF, 0xFF, 0xFF, 0xFF, 0x0F, 0x01,
		0x00, 0x00, 0x00, 0x00, 0x00, 0x00, 0x00, 0x00, 0x00, 0x00, 0xDC, 0xDC, 0xDC, 0xFF, 0xEB, 0xF5,
		0xFF, 0xFF, 0xEB, 0xF5, 0xFF, 0xFF, 0x8B, 0xA1, 0x50, 0xFF, 0x00, 0x00, 0x00, 0xFF, 0x00, 0x00,
		0x00, 0xFF, 0x00, 0x00, 0x00, 0xFF, 0x00, 0x00, 0x00, 0xFF, 0x00, 0x00, 0x00, 0xFF, 0x00, 0x00,
		0x00, 0x00, 0xF8, 0xFF
	]),
	new Uint8Array([
		0x43, 0x61, 0x6C, 0x69, 0x67, 0x6F, 0x6C, 0x64, 0x00, 0x00, 0x00, 0x00, 0x00, 0x00, 0x00, 0x00,
		0x00, 0x00, 0x00, 0x00, 0x00, 0x00, 0x00, 0x00, 0x00, 0x00, 0x00, 0x00, 0x00, 0x00, 0x00, 0x00,
		0x00, 0x00, 0x00, 0x00, 0x00, 0x00, 0x37, 0x03, 0x1F, 0x00, 0x00, 0x00, 0x00, 0x00, 0x00, 0x00,
		0x00, 0x00, 0x00, 0x00, 0x00, 0x00, 0x00, 0x00, 0x1F, 0x09, 0x01, 0x0F, 0x15, 0x08, 0x0A, 0x19,
		0x23, 0x28, 0x00, 0x00, 0x00, 0x39, 0x39, 0x39, 0x2D, 0x26, 0x4C, 0x14, 0x0F, 0x1D, 0x1E, 0x2A,
		0x00, 0x00, 0x60, 0x60, 0x01, 0x0D, 0x01, 0x0A, 0x00, 0x00, 0x00, 0x00, 0x00, 0x00, 0x00, 0x65,
		0x4D, 0x45, 0x4F, 0x57, 0x20, 0x54, 0x65, 0x61, 0x6D, 0x20, 0x53, 0x69, 0x78, 0x21, 0x00, 0x00,
		0x00, 0x00, 0x00, 0x00, 0x00, 0x00, 0x00, 0x00, 0x00, 0x00, 0x00, 0x00, 0x00, 0x00, 0x00, 0x00,
		0x00, 0x00, 0x00, 0x00, 0x00, 0x00, 0x00, 0x00, 0x00, 0x00, 0x00, 0x00, 0x00, 0x00, 0x00, 0x00,
		0x00, 0x00, 0x00, 0x00, 0x00, 0x00, 0x00, 0x00, 0x00, 0x00, 0x00, 0x00, 0x43, 0x61, 0x6C, 0x69,
		0x63, 0x61, 0x70, 0x27, 0x6E, 0x00, 0x00, 0x00, 0x00, 0x00, 0x00, 0x00, 0x00, 0x00, 0x00, 0x00,
		0x00, 0x00, 0x00, 0x00, 0x00, 0x00, 0x00, 0x00, 0x00, 0x00, 0x00, 0x00, 0x00, 0x00, 0x00, 0x00,
		0x00, 0x00, 0x00, 0x00, 0x00, 0x00, 0x00, 0x00, 0x00, 0x00, 0x00, 0x00, 0x00, 0x00, 0x00, 0x00,
		0x00, 0x00, 0x00, 0x00, 0x00, 0x00, 0x00, 0x00, 0x00, 0x00, 0x00, 0x00, 0x00, 0x00, 0x05, 0x00,
		0x80, 0x05, 0x00, 0x00, 0x00, 0x00, 0x00, 0x00, 0x00, 0x00, 0x00, 0x00, 0x00, 0x00, 0x00, 0x00,
		0x00, 0x00, 0x00, 0x00, 0x00, 0x00, 0x00, 0x00, 0x00, 0x00, 0x00, 0x00, 0x00, 0x00, 0x00, 0x00,
		0xFF, 0xFF, 0xFF, 0xFF, 0xFF, 0xFF, 0xFF, 0xFF, 0xFF, 0xFF, 0xFF, 0xFF, 0xFF, 0xFF, 0x0F, 0x03,
		0x03, 0x00, 0x00, 0x00, 0x05, 0x01, 0x01, 0x00, 0x00, 0x00, 0xCD, 0xB4, 0x5F, 0xFF, 0xEB, 0xC8,
		0x00, 0xFF, 0xEB, 0xC8, 0x00, 0xFF, 0x8B, 0xA1, 0x50, 0xFF, 0x00, 0x00, 0x00, 0xFF, 0x00, 0x00,
		0x00, 0xFF, 0x00, 0x00, 0x00, 0xFF, 0x00, 0x00, 0x00, 0xFF, 0x00, 0x00, 0x00, 0xFF, 0x00, 0x00,
		0x00, 0x00, 0xF8, 0xFF
	]),
	new Uint8Array([
		0x42, 0x6F, 0x6F, 0x6E, 0x79, 0x61, 0x68, 0x00, 0x00, 0x00, 0x00, 0x00, 0x00, 0x00, 0x00, 0x00,
		0x00, 0x00, 0x00, 0x00, 0x00, 0x00, 0x00, 0x00, 0x00, 0x00, 0x00, 0x00, 0x00, 0x00, 0x00, 0x00,
		0x00, 0x00, 0x00, 0x00, 0x00, 0x05, 0x37, 0x05, 0x0C, 0x06, 0x00, 0x00, 0x00, 0x00, 0x00, 0x00,
		0x00, 0x00, 0x00, 0x00, 0x00, 0x00, 0x00, 0x00, 0x0C, 0x06, 0x09, 0x01, 0x1C, 0x27, 0x08, 0x0E,
		0x23, 0x2B, 0x00, 0x00, 0x39, 0x39, 0x39, 0x39, 0x18, 0x0B, 0x27, 0x30, 0x08, 0x22, 0x25, 0x00,
		0x00, 0x60, 0x60, 0x60, 0x01, 0x0C, 0x05, 0x09, 0x00, 0x00, 0x00, 0x00, 0x00, 0x00, 0x00, 0x66,
		0x32, 0x35, 0x20, 0x79, 0x65, 0x61, 0x72, 0x73, 0x20, 0x62, 0x61, 0x62, 0x79, 0x21, 0x00, 0x00,
		0x00, 0x00, 0x00, 0x00, 0x00, 0x00, 0x00, 0x00, 0x00, 0x00, 0x00, 0x00, 0x00, 0x00, 0x00, 0x00,
		0x00, 0x00, 0x00, 0x00, 0x00, 0x00, 0x00, 0x00, 0x00, 0x00, 0x00, 0x00, 0x00, 0x00, 0x00, 0x00,
		0x00, 0x00, 0x00, 0x00, 0x00, 0x00, 0x00, 0x00, 0x00, 0x00, 0x00, 0x00, 0x43, 0x68, 0x61, 0x6D,
		0x70, 0x69, 0x6F, 0x6E, 0x00, 0x00, 0x00, 0x00, 0x00, 0x00, 0x00, 0x00, 0x00, 0x00, 0x00, 0x00,
		0x00, 0x00, 0x00, 0x00, 0x00, 0x00, 0x00, 0x00, 0x00, 0x00, 0x00, 0x00, 0x00, 0x00, 0x00, 0x00,
		0x00, 0x00, 0x00, 0x00, 0x00, 0x00, 0x00, 0x00, 0x00, 0x00, 0x00, 0x00, 0x00, 0x00, 0x00, 0x00,
		0x00, 0x00, 0x00, 0x00, 0x00, 0x00, 0x00, 0x00, 0x00, 0x00, 0x00, 0x00, 0x00, 0x00, 0x00, 0x00,
		0x80, 0x05, 0x00, 0x00, 0x00, 0x00, 0x00, 0x00, 0x00, 0x00, 0x00, 0x00, 0x00, 0x00, 0x00, 0x00,
		0x00, 0x00, 0x00, 0x00, 0x00, 0x00, 0x00, 0x00, 0x00, 0x00, 0x00, 0x00, 0x00, 0x00, 0x00, 0x00,
		0xFF, 0xFF, 0xFF, 0xFF, 0xFF, 0xFF, 0xFF, 0xFF, 0xFF, 0xFF, 0xFF, 0xFF, 0xFF, 0xFF, 0x0F, 0x03,
		0x02, 0x00, 0x00, 0x00, 0x06, 0x03, 0x02, 0x00, 0x00, 0x00, 0x5F, 0x5F, 0x5F, 0xFF, 0xFF, 0xFF,
		0x00, 0xFF, 0xFF, 0xFF, 0x00, 0xFF, 0x8B, 0xA1, 0x50, 0xFF, 0x00, 0x00, 0x00, 0xFF, 0x00, 0x00,
		0x00, 0xFF, 0x00, 0x00, 0x00, 0xFF, 0x00, 0x00, 0x00, 0xFF, 0x00, 0x00, 0x00, 0xFF, 0x00, 0x00,
		0x00, 0x00, 0xF8, 0xFF
	]),
	new Uint8Array([
		0x4E, 0x65, 0x6B, 0x6F, 0x6D, 0x69, 0x63, 0x68, 0x69, 0x00, 0x00, 0x00, 0x00, 0x00, 0x00, 0x00,
		0x00, 0x00, 0x00, 0x00, 0x00, 0x00, 0x00, 0x00, 0x00, 0x00, 0x00, 0x00, 0x00, 0x00, 0x00, 0x00,
		0x00, 0x00, 0x00, 0x00, 0x00, 0x06, 0x37, 0x03, 0x25, 0x1A, 0x00, 0x00, 0x00, 0x00, 0x00, 0x00,
		0x00, 0x00, 0x00, 0x00, 0x00, 0x00, 0x00, 0x00, 0x25, 0x1A, 0x09, 0x01, 0x15, 0x2C, 0x19, 0x22,
		0x23, 0x26, 0x00, 0x00, 0x39, 0x39, 0x39, 0x39, 0x2C, 0x16, 0x31, 0x14, 0x24, 0x1A, 0x1E, 0x00,
		0x00, 0x60, 0x60, 0x60, 0x01, 0x0C, 0x02, 0x09, 0x00, 0x00, 0x00, 0x00, 0x00, 0x00, 0x00, 0x67,
		0x48, 0x69, 0x6D, 0x65, 0x20, 0x68, 0x69, 0x6D, 0x65, 0x21, 0x00, 0x00, 0x00, 0x00, 0x00, 0x00,
		0x00, 0x00, 0x00, 0x00, 0x00, 0x00, 0x00, 0x00, 0x00, 0x00, 0x00, 0x00, 0x00, 0x00, 0x00, 0x00,
		0x00, 0x00, 0x00, 0x00, 0x00, 0x00, 0x00, 0x00, 0x00, 0x00, 0x00, 0x00, 0x00, 0x00, 0x00, 0x00,
		0x00, 0x00, 0x00, 0x00, 0x00, 0x00, 0x00, 0x00, 0x00, 0x00, 0x00, 0x00, 0x43, 0x68, 0x61, 0x6D,
		0x70, 0x69, 0x6F, 0x6E, 0x00, 0x00, 0x00, 0x00, 0x00, 0x00, 0x00, 0x00, 0x00, 0x00, 0x00, 0x00,
		0x00, 0x00, 0x00, 0x00, 0x00, 0x00, 0x00, 0x00, 0x00, 0x00, 0x00, 0x00, 0x00, 0x00, 0x00, 0x00,
		0x00, 0x00, 0x00, 0x00, 0x00, 0x00, 0x00, 0x00, 0x00, 0x00, 0x00, 0x00, 0x00, 0x00, 0x00, 0x00,
		0x00, 0x00, 0x00, 0x00, 0x00, 0x00, 0x00, 0x00, 0x00, 0x00, 0x00, 0x00, 0x00, 0x00, 0x00, 0x00,
		0x80, 0x05, 0x00, 0x00, 0x00, 0x00, 0x00, 0x00, 0x00, 0x00, 0x00, 0x00, 0x00, 0x00, 0x00, 0x00,
		0x00, 0x00, 0x00, 0x00, 0x00, 0x00, 0x00, 0x00, 0x00, 0x00, 0x00, 0x00, 0x00, 0x00, 0x00, 0x00,
		0xFF, 0xFF, 0xFF, 0xFF, 0xFF, 0xFF, 0xFF, 0xFF, 0xFF, 0xFF, 0xFF, 0xFF, 0xFF, 0xFF, 0x0F, 0x02,
		0x00, 0x00, 0x00, 0x00, 0x00, 0x04, 0x01, 0x00, 0x00, 0x00, 0xF0, 0xF0, 0xF0, 0xFF, 0x71, 0xDE,
		0xFF, 0xFF, 0x71, 0xDE, 0xFF, 0xFF, 0x8B, 0xA1, 0x50, 0xFF, 0x00, 0x00, 0x00, 0xFF, 0x00, 0x00,
		0x00, 0xFF, 0x00, 0x00, 0x00, 0xFF, 0x00, 0x00, 0x00, 0xFF, 0x00, 0x00, 0x00, 0xFF, 0x00, 0x00,
		0x00, 0x00, 0xF8, 0xFF
	]),
	new Uint8Array([
		0x4E, 0x65, 0x6B, 0x6F, 0x6A, 0x69, 0x72, 0x6F, 0x00, 0x00, 0x00, 0x00, 0x00, 0x00, 0x00, 0x00,
		0x00, 0x00, 0x00, 0x00, 0x00, 0x00, 0x00, 0x00, 0x00, 0x00, 0x00, 0x00, 0x00, 0x00, 0x00, 0x00,
		0x00, 0x00, 0x00, 0x00, 0x00, 0x01, 0x37, 0x05, 0x1D, 0x1A, 0x00, 0x00, 0x00, 0x00, 0x00, 0x00,
		0x00, 0x00, 0x00, 0x00, 0x00, 0x00, 0x00, 0x00, 0x1D, 0x1A, 0x09, 0x01, 0x0D, 0x0F, 0x10, 0x08,
		0x00, 0x00, 0x39, 0x39, 0x39, 0x39, 0x39, 0x39, 0x03, 0x0A, 0x27, 0x32, 0x0E, 0x1D, 0x00, 0x00,
		0x60, 0x60, 0x60, 0x60, 0x06, 0x0A, 0x06, 0x08, 0x00, 0x00, 0x00, 0x00, 0x00, 0x00, 0x00, 0x68,
		0x49, 0x27, 0x6D, 0x20, 0x73, 0x74, 0x72, 0x6F, 0x6E, 0x67, 0x65, 0x73, 0x74, 0x21, 0x00, 0x00,
		0x00, 0x00, 0x00, 0x00, 0x00, 0x00, 0x00, 0x00, 0x00, 0x00, 0x00, 0x00, 0x00, 0x00, 0x00, 0x00,
		0x00, 0x00, 0x00, 0x00, 0x00, 0x00, 0x00, 0x00, 0x00, 0x00, 0x00, 0x00, 0x00, 0x00, 0x00, 0x00,
		0x00, 0x00, 0x00, 0x00, 0x00, 0x00, 0x00, 0x00, 0x00, 0x00, 0x00, 0x00, 0x43, 0x68, 0x61, 0x6D,
		0x70, 0x69, 0x6F, 0x6E, 0x00, 0x00, 0x00, 0x00, 0x00, 0x00, 0x00, 0x00, 0x00, 0x00, 0x00, 0x00,
		0x00, 0x00, 0x00, 0x00, 0x00, 0x00, 0x00, 0x00, 0x00, 0x00, 0x00, 0x00, 0x00, 0x00, 0x00, 0x00,
		0x00, 0x00, 0x00, 0x00, 0x00, 0x00, 0x00, 0x00, 0x00, 0x00, 0x00, 0x00, 0x00, 0x00, 0x00, 0x00,
		0x00, 0x00, 0x00, 0x00, 0x00, 0x00, 0x00, 0x00, 0x00, 0x00, 0x00, 0x00, 0x00, 0x00, 0x00, 0x00,
		0x80, 0x05, 0x00, 0x00, 0x00, 0x00, 0x00, 0x00, 0x00, 0x00, 0x00, 0x00, 0x00, 0x00, 0x00, 0x00,
		0x00, 0x00, 0x00, 0x00, 0x00, 0x00, 0x00, 0x00, 0x00, 0x00, 0x00, 0x00, 0x00, 0x00, 0x00, 0x00,
		0xFF, 0xFF, 0xFF, 0xFF, 0xFF, 0xFF, 0xFF, 0xFF, 0xFF, 0xFF, 0xFF, 0xFF, 0xFF, 0xFF, 0x0F, 0x03,
		0x05, 0x00, 0x00, 0x00, 0x02, 0x02, 0x02, 0x00, 0x00, 0x00, 0xB4, 0x1E, 0x1E, 0xFF, 0xEB, 0xF5,
		0xFF, 0xFF, 0xEB, 0xF5, 0xFF, 0xFF, 0x8B, 0xA1, 0x50, 0xFF, 0x00, 0x00, 0x00, 0xFF, 0x00, 0x00,
		0x00, 0xFF, 0x00, 0x00, 0x00, 0xFF, 0x00, 0x00, 0x00, 0xFF, 0x00, 0x00, 0x00, 0xFF, 0x00, 0x00,
		0x00, 0x00, 0xF8, 0xFF
	]),
	new Uint8Array([
		0x5A, 0x6F, 0x6D, 0x62, 0x69, 0x65, 0x20, 0x43, 0x61, 0x74, 0x00, 0x00, 0x00, 0x00, 0x00, 0x00,
		0x00, 0x00, 0x00, 0x00, 0x00, 0x00, 0x00, 0x00, 0x00, 0x00, 0x00, 0x00, 0x00, 0x00, 0x00, 0x00,
		0x00, 0x00, 0x00, 0x00, 0x00, 0x06, 0x37, 0x02, 0x25, 0x1B, 0x00, 0x00, 0x00, 0x00, 0x00, 0x00,
		0x00, 0x00, 0x00, 0x00, 0x00, 0x00, 0x00, 0x00, 0x25, 0x1B, 0x09, 0x01, 0x04, 0x16, 0x17, 0x20,
		0x28, 0x2B, 0x00, 0x00, 0x39, 0x39, 0x39, 0x39, 0x2C, 0x16, 0x07, 0x33, 0x19, 0x1B, 0x20, 0x00,
		0x00, 0x60, 0x60, 0x60, 0x01, 0x0C, 0x05, 0x09, 0x00, 0x00, 0x00, 0x00, 0x00, 0x00, 0x00, 0x69,
		0x5A, 0x6F, 0x6D, 0x62, 0x69, 0x65, 0x20, 0x50, 0x61, 0x6C, 0x69, 0x63, 0x6F, 0x21, 0x00, 0x00,
		0x00, 0x00, 0x00, 0x00, 0x00, 0x00, 0x00, 0x00, 0x00, 0x00, 0x00, 0x00, 0x00, 0x00, 0x00, 0x00,
		0x00, 0x00, 0x00, 0x00, 0x00, 0x00, 0x00, 0x00, 0x00, 0x00, 0x00, 0x00, 0x00, 0x00, 0x00, 0x00,
		0x00, 0x00, 0x00, 0x00, 0x00, 0x00, 0x00, 0x00, 0x00, 0x00, 0x00, 0x00, 0x43, 0x6F, 0x72, 0x6F,
		0x43, 0x6F, 0x72, 0x6F, 0x00, 0x00, 0x00, 0x00, 0x00, 0x00, 0x00, 0x00, 0x00, 0x00, 0x00, 0x00,
		0x00, 0x00, 0x00, 0x00, 0x00, 0x00, 0x00, 0x00, 0x00, 0x00, 0x00, 0x00, 0x00, 0x00, 0x00, 0x00,
		0x00, 0x00, 0x00, 0x00, 0x00, 0x00, 0x00, 0x00, 0x00, 0x00, 0x00, 0x00, 0x00, 0x00, 0x00, 0x00,
		0x00, 0x00, 0x00, 0x00, 0x00, 0x00, 0x00, 0x00, 0x00, 0x00, 0x00, 0x00, 0x00, 0x00, 0x00, 0x00,
		0x80, 0x05, 0x00, 0x00, 0x00, 0x00, 0x00, 0x00, 0x00, 0x00, 0x00, 0x00, 0x00, 0x00, 0x00, 0x00,
		0x00, 0x00, 0x00, 0x00, 0x00, 0x00, 0x00, 0x00, 0x00, 0x00, 0x00, 0x00, 0x00, 0x00, 0x00, 0x00,
		0xFF, 0xFF, 0xFF, 0xFF, 0xFF, 0xFF, 0xFF, 0xFF, 0xFF, 0xFF, 0xFF, 0xFF, 0xFF, 0xFF, 0x0F, 0x02,
		0x00, 0x00, 0x00, 0x00, 0x03, 0x03, 0x01, 0x00, 0x00, 0x00, 0x96, 0x7D, 0xE1, 0xFF, 0x37, 0x46,
		0x19, 0xFF, 0x37, 0x46, 0x19, 0xFF, 0x8B, 0xA1, 0x50, 0xFF, 0x00, 0x00, 0x00, 0xFF, 0x00, 0x00,
		0x00, 0xFF, 0x00, 0x00, 0x00, 0xFF, 0x00, 0x00, 0x00, 0xFF, 0x00, 0x00, 0x00, 0xFF, 0x00, 0x00,
		0x00, 0x00, 0xF8, 0xFF
	]),
	new Uint8Array([
		0x44, 0x61, 0x6E, 0x67, 0x65, 0x72, 0x00, 0x00, 0x00, 0x00, 0x00, 0x00, 0x00, 0x00, 0x00, 0x00,
		0x00, 0x00, 0x00, 0x00, 0x00, 0x00, 0x00, 0x00, 0x00, 0x00, 0x00, 0x00, 0x00, 0x00, 0x00, 0x00,
		0x00, 0x00, 0x00, 0x00, 0x00, 0x00, 0x37, 0x01, 0x1F, 0x00, 0x00, 0x00, 0x00, 0x00, 0x00, 0x00,
		0x00, 0x00, 0x00, 0x00, 0x00, 0x00, 0x00, 0x00, 0x1F, 0x09, 0x01, 0x11, 0x10, 0x0A, 0x20, 0x23,
		0x29, 0x00, 0x00, 0x00, 0x39, 0x39, 0x39, 0x39, 0x2D, 0x26, 0x34, 0x1C, 0x1F, 0x21, 0x2F, 0x00,
		0x00, 0x60, 0x60, 0x60, 0x05, 0x0C, 0x02, 0x09, 0x00, 0x00, 0x00, 0x00, 0x00, 0x00, 0x00, 0x6A,
		0x42, 0x65, 0x61, 0x74, 0x20, 0x64, 0x61, 0x6E, 0x67, 0x65, 0x72, 0x21, 0x00, 0x00, 0x00, 0x00,
		0x00, 0x00, 0x00, 0x00, 0x00, 0x00, 0x00, 0x00, 0x00, 0x00, 0x00, 0x00, 0x00, 0x00, 0x00, 0x00,
		0x00, 0x00, 0x00, 0x00, 0x00, 0x00, 0x00, 0x00, 0x00, 0x00, 0x00, 0x00, 0x00, 0x00, 0x00, 0x00,
		0x00, 0x00, 0x00, 0x00, 0x00, 0x00, 0x00, 0x00, 0x00, 0x00, 0x00, 0x00, 0x43, 0x6F, 0x72, 0x6F,
		0x43, 0x6F, 0x72, 0x6F, 0x00, 0x00, 0x00, 0x00, 0x00, 0x00, 0x00, 0x00, 0x00, 0x00, 0x00, 0x00,
		0x00, 0x00, 0x00, 0x00, 0x00, 0x00, 0x00, 0x00, 0x00, 0x00, 0x00, 0x00, 0x00, 0x00, 0x00, 0x00,
		0x00, 0x00, 0x00, 0x00, 0x00, 0x00, 0x00, 0x00, 0x00, 0x00, 0x00, 0x00, 0x00, 0x00, 0x00, 0x00,
		0x00, 0x00, 0x00, 0x00, 0x00, 0x00, 0x00, 0x00, 0x00, 0x00, 0x00, 0x00, 0x00, 0x00, 0x00, 0x00,
		0x80, 0x05, 0x00, 0x00, 0x00, 0x00, 0x00, 0x00, 0x00, 0x00, 0x00, 0x00, 0x00, 0x00, 0x00, 0x00,
		0x00, 0x00, 0x00, 0x00, 0x00, 0x00, 0x00, 0x00, 0x00, 0x00, 0x00, 0x00, 0x00, 0x00, 0x00, 0x00,
		0xFF, 0xFF, 0xFF, 0xFF, 0xFF, 0xFF, 0xFF, 0xFF, 0xFF, 0xFF, 0xFF, 0xFF, 0xFF, 0xFF, 0x0F, 0x02,
		0x03, 0x00, 0x00, 0x00, 0x05, 0x00, 0x04, 0x00, 0x00, 0x00, 0xFF, 0xCD, 0x9B, 0xFF, 0xEB, 0xF5,
		0xFF, 0xFF, 0xEB, 0xF5, 0xFF, 0xFF, 0x8B, 0xA1, 0x50, 0xFF, 0x00, 0x00, 0x00, 0xFF, 0x00, 0x00,
		0x00, 0xFF, 0x00, 0x00, 0x00, 0xFF, 0x00, 0x00, 0x00, 0xFF, 0x00, 0x00, 0x00, 0xFF, 0x00, 0x00,
		0x00, 0x00, 0xF8, 0xFF
	]),
	new Uint8Array([
		0x54, 0x6F, 0x72, 0x61, 0x00, 0x00, 0x00, 0x00, 0x00, 0x00, 0x00, 0x00, 0x00, 0x00, 0x00, 0x00,
		0x00, 0x00, 0x00, 0x00, 0x00, 0x00, 0x00, 0x00, 0x00, 0x00, 0x00, 0x00, 0x00, 0x00, 0x00, 0x00,
		0x00, 0x00, 0x00, 0x00, 0x00, 0x01, 0x37, 0x04, 0x1D, 0x06, 0x00, 0x00, 0x00, 0x00, 0x00, 0x00,
		0x00, 0x00, 0x00, 0x00, 0x00, 0x00, 0x00, 0x00, 0x1D, 0x06, 0x09, 0x01, 0x0F, 0x27, 0x2C, 0x23,
		0x26, 0x00, 0x00, 0x39, 0x39, 0x39, 0x39, 0x39, 0x03, 0x0A, 0x35, 0x02, 0x09, 0x14, 0x00, 0x00,
		0x60, 0x60, 0x60, 0x60, 0x02, 0x0B, 0x03, 0x08, 0x00, 0x00, 0x00, 0x00, 0x00, 0x00, 0x00, 0x6B,
		0x4D, 0x6D, 0x6D, 0x21, 0x20, 0x54, 0x65, 0x72, 0x69, 0x79, 0x61, 0x6B, 0x69, 0x21, 0x00, 0x00,
		0x00, 0x00, 0x00, 0x00, 0x00, 0x00, 0x00, 0x00, 0x00, 0x00, 0x00, 0x00, 0x00, 0x00, 0x00, 0x00,
		0x00, 0x00, 0x00, 0x00, 0x00, 0x00, 0x00, 0x00, 0x00, 0x00, 0x00, 0x00, 0x00, 0x00, 0x00, 0x00,
		0x00, 0x00, 0x00, 0x00, 0x00, 0x00, 0x00, 0x00, 0x00, 0x00, 0x00, 0x00, 0x53, 0x75, 0x6E, 0x64,
		0x61, 0x79, 0x00, 0x00, 0x00, 0x00, 0x00, 0x00, 0x00, 0x00, 0x00, 0x00, 0x00, 0x00, 0x00, 0x00,
		0x00, 0x00, 0x00, 0x00, 0x00, 0x00, 0x00, 0x00, 0x00, 0x00, 0x00, 0x00, 0x00, 0x00, 0x00, 0x00,
		0x00, 0x00, 0x00, 0x00, 0x00, 0x00, 0x00, 0x00, 0x00, 0x00, 0x00, 0x00, 0x00, 0x00, 0x00, 0x00,
		0x00, 0x00, 0x00, 0x00, 0x00, 0x00, 0x00, 0x00, 0x00, 0x00, 0x00, 0x00, 0x00, 0x00, 0x00, 0x00,
		0x80, 0x05, 0x00, 0x00, 0x00, 0x00, 0x00, 0x00, 0x00, 0x00, 0x00, 0x00, 0x00, 0x00, 0x00, 0x00,
		0x00, 0x00, 0x00, 0x00, 0x00, 0x00, 0x00, 0x00, 0x00, 0x00, 0x00, 0x00, 0x00, 0x00, 0x00, 0x00,
		0xFF, 0xFF, 0xFF, 0xFF, 0xFF, 0xFF, 0xFF, 0xFF, 0xFF, 0xFF, 0xFF, 0xFF, 0xFF, 0xFF, 0x0F, 0x03,
		0x02, 0x00, 0x00, 0x00, 0x02, 0x01, 0x02, 0x00, 0x00, 0x00, 0xE1, 0xAA, 0x00, 0xFF, 0xEB, 0xF5,
		0xFF, 0xFF, 0xEB, 0xF5, 0xFF, 0xFF, 0x8B, 0xA1, 0x50, 0xFF, 0x00, 0x00, 0x00, 0xFF, 0x00, 0x00,
		0x00, 0xFF, 0x00, 0x00, 0x00, 0xFF, 0x00, 0x00, 0x00, 0xFF, 0x00, 0x00, 0x00, 0xFF, 0x00, 0x00,
		0x00, 0x00, 0xF8, 0xFF
	]),
	new Uint8Array([
		0x4D, 0x6F, 0x72, 0x67, 0x69, 0x61, 0x6E, 0x61, 0x00, 0x00, 0x00, 0x00, 0x00, 0x00, 0x00, 0x00,
		0x00, 0x00, 0x00, 0x00, 0x00, 0x00, 0x00, 0x00, 0x00, 0x00, 0x00, 0x00, 0x00, 0x00, 0x00, 0x00,
		0x00, 0x00, 0x00, 0x00, 0x00, 0x01, 0x37, 0x04, 0x1D, 0x06, 0x00, 0x00, 0x00, 0x00, 0x00, 0x00,
		0x00, 0x00, 0x00, 0x00, 0x00, 0x00, 0x00, 0x00, 0x1D, 0x06, 0x09, 0x01, 0x1C, 0x27, 0x08, 0x28,
		0x2A, 0x2B, 0x00, 0x00, 0x39, 0x39, 0x39, 0x39, 0x03, 0x0A, 0x15, 0x36, 0x0F, 0x1B, 0x1D, 0x00,
		0x00, 0x60, 0x60, 0x60, 0x01, 0x0C, 0x05, 0x09, 0x00, 0x00, 0x00, 0x00, 0x00, 0x00, 0x00, 0x6C,
		0x49, 0x27, 0x6D, 0x20, 0x74, 0x6F, 0x75, 0x67, 0x68, 0x21, 0x00, 0x00, 0x00, 0x00, 0x00, 0x00,
		0x00, 0x00, 0x00, 0x00, 0x00, 0x00, 0x00, 0x00, 0x00, 0x00, 0x00, 0x00, 0x00, 0x00, 0x00, 0x00,
		0x00, 0x00, 0x00, 0x00, 0x00, 0x00, 0x00, 0x00, 0x00, 0x00, 0x00, 0x00, 0x00, 0x00, 0x00, 0x00,
		0x00, 0x00, 0x00, 0x00, 0x00, 0x00, 0x00, 0x00, 0x00, 0x00, 0x00, 0x00, 0x53, 0x75, 0x6E, 0x64,
		0x61, 0x79, 0x00, 0x00, 0x00, 0x00, 0x00, 0x00, 0x00, 0x00, 0x00, 0x00, 0x00, 0x00, 0x00, 0x00,
		0x00, 0x00, 0x00, 0x00, 0x00, 0x00, 0x00, 0x00, 0x00, 0x00, 0x00, 0x00, 0x00, 0x00, 0x00, 0x00,
		0x00, 0x00, 0x00, 0x00, 0x00, 0x00, 0x00, 0x00, 0x00, 0x00, 0x00, 0x00, 0x00, 0x00, 0x00, 0x00,
		0x00, 0x00, 0x00, 0x00, 0x00, 0x00, 0x00, 0x00, 0x00, 0x00, 0x00, 0x00, 0x00, 0x00, 0x00, 0x00,
		0x80, 0x05, 0x00, 0x00, 0x00, 0x00, 0x00, 0x00, 0x00, 0x00, 0x00, 0x00, 0x00, 0x00, 0x00, 0x00,
		0x00, 0x00, 0x00, 0x00, 0x00, 0x00, 0x00, 0x00, 0x00, 0x00, 0x00, 0x00, 0x00, 0x00, 0x00, 0x00,
		0xFF, 0xFF, 0xFF, 0xFF, 0xFF, 0xFF, 0xFF, 0xFF, 0xFF, 0xFF, 0xFF, 0xFF, 0xFF, 0xFF, 0x0F, 0x01,
		0x01, 0x00, 0x00, 0x00, 0x03, 0x00, 0x03, 0x00, 0x00, 0x00, 0xFF, 0x64, 0x9B, 0xFF, 0xE6, 0xA0,
		0xA0, 0xFF, 0xE6, 0xA0, 0xA0, 0xFF, 0x8B, 0xA1, 0x50, 0xFF, 0x00, 0x00, 0x00, 0xFF, 0x00, 0x00,
		0x00, 0xFF, 0x00, 0x00, 0x00, 0xFF, 0x00, 0x00, 0x00, 0xFF, 0x00, 0x00, 0x00, 0xFF, 0x00, 0x00,
		0x00, 0x00, 0xF8, 0xFF
	]),
	new Uint8Array([
		0x48, 0x61, 0x70, 0x70, 0x79, 0x00, 0x00, 0x00, 0x00, 0x00, 0x00, 0x00, 0x00, 0x00, 0x00, 0x00,
		0x00, 0x00, 0x00, 0x00, 0x00, 0x00, 0x00, 0x00, 0x00, 0x00, 0x00, 0x00, 0x00, 0x00, 0x00, 0x00,
		0x00, 0x00, 0x00, 0x00, 0x00, 0x03, 0x37, 0x03, 0x14, 0x05, 0x00, 0x00, 0x00, 0x00, 0x00, 0x00,
		0x00, 0x00, 0x00, 0x00, 0x00, 0x00, 0x00, 0x00, 0x14, 0x05, 0x09, 0x01, 0x02, 0x04, 0x21, 0x17,
		0x00, 0x00, 0x39, 0x39, 0x39, 0x39, 0x39, 0x39, 0x29, 0x2B, 0x37, 0x14, 0x28, 0x1A, 0x1E, 0x00,
		0x00, 0x60, 0x60, 0x60, 0x06, 0x0A, 0x02, 0x09, 0x00, 0x00, 0x00, 0x00, 0x00, 0x00, 0x00, 0x6D,
		0x41, 0x79, 0x65, 0x21, 0x00, 0x00, 0x00, 0x00, 0x00, 0x00, 0x00, 0x00, 0x00, 0x00, 0x00, 0x00,
		0x00, 0x00, 0x00, 0x00, 0x00, 0x00, 0x00, 0x00, 0x00, 0x00, 0x00, 0x00, 0x00, 0x00, 0x00, 0x00,
		0x00, 0x00, 0x00, 0x00, 0x00, 0x00, 0x00, 0x00, 0x00, 0x00, 0x00, 0x00, 0x00, 0x00, 0x00, 0x00,
		0x00, 0x00, 0x00, 0x00, 0x00, 0x00, 0x00, 0x00, 0x00, 0x00, 0x00, 0x00, 0x4D, 0x61, 0x67, 0x61,
		0x7A, 0x69, 0x6E, 0x65, 0x00, 0x00, 0x00, 0x00, 0x00, 0x00, 0x00, 0x00, 0x00, 0x00, 0x00, 0x00,
		0x00, 0x00, 0x00, 0x00, 0x00, 0x00, 0x00, 0x00, 0x00, 0x00, 0x00, 0x00, 0x00, 0x00, 0x00, 0x00,
		0x00, 0x00, 0x00, 0x00, 0x00, 0x00, 0x00, 0x00, 0x00, 0x00, 0x00, 0x00, 0x00, 0x00, 0x00, 0x00,
		0x00, 0x00, 0x00, 0x00, 0x00, 0x00, 0x00, 0x00, 0x00, 0x00, 0x00, 0x00, 0x00, 0x00, 0x00, 0x00,
		0x80, 0x05, 0x00, 0x00, 0x00, 0x00, 0x00, 0x00, 0x00, 0x00, 0x00, 0x00, 0x00, 0x00, 0x00, 0x00,
		0x00, 0x00, 0x00, 0x00, 0x00, 0x00, 0x00, 0x00, 0x00, 0x00, 0x00, 0x00, 0x00, 0x00, 0x00, 0x00,
		0xFF, 0xFF, 0xFF, 0xFF, 0xFF, 0xFF, 0xFF, 0xFF, 0xFF, 0xFF, 0xFF, 0xFF, 0xFF, 0xFF, 0x0F, 0x02,
		0x00, 0x00, 0x00, 0x00, 0x03, 0x00, 0x00, 0x00, 0x00, 0x00, 0x6E, 0xA0, 0xFF, 0xFF, 0xEB, 0xF5,
		0xFF, 0xFF, 0xEB, 0xF5, 0xFF, 0xFF, 0x8B, 0xA1, 0x50, 0xFF, 0x00, 0x00, 0x00, 0xFF, 0x00, 0x00,
		0x00, 0xFF, 0x00, 0x00, 0x00, 0xFF, 0x00, 0x00, 0x00, 0xFF, 0x00, 0x00, 0x00, 0xFF, 0x00, 0x00,
		0x00, 0x00, 0xF8, 0xFF
	]),
	new Uint8Array([
		0x4E, 0x65, 0x6B, 0x6B, 0x69, 0x00, 0x00, 0x00, 0x00, 0x00, 0x00, 0x00, 0x00, 0x00, 0x00, 0x00,
		0x00, 0x00, 0x00, 0x00, 0x00, 0x00, 0x00, 0x00, 0x00, 0x00, 0x00, 0x00, 0x00, 0x00, 0x00, 0x00,
		0x00, 0x00, 0x00, 0x00, 0x00, 0x03, 0x37, 0x03, 0x14, 0x18, 0x00, 0x00, 0x00, 0x00, 0x00, 0x00,
		0x00, 0x00, 0x00, 0x00, 0x00, 0x00, 0x00, 0x00, 0x14, 0x18, 0x09, 0x01, 0x12, 0x15, 0x21, 0x19,
		0x00, 0x00, 0x39, 0x39, 0x39, 0x39, 0x39, 0x39, 0x29, 0x2B, 0x17, 0x46, 0x14, 0x20, 0x00, 0x00,
		0x60, 0x60, 0x60, 0x60, 0x06, 0x0A, 0x06, 0x08, 0x00, 0x00, 0x00, 0x00, 0x00, 0x00, 0x00, 0x6E,
		0x54, 0x6F, 0x70, 0x20, 0x67, 0x61, 0x6D, 0x65, 0x20, 0x6E, 0x65, 0x77, 0x73, 0x21, 0x00, 0x00,
		0x00, 0x00, 0x00, 0x00, 0x00, 0x00, 0x00, 0x00, 0x00, 0x00, 0x00, 0x00, 0x00, 0x00, 0x00, 0x00,
		0x00, 0x00, 0x00, 0x00, 0x00, 0x00, 0x00, 0x00, 0x00, 0x00, 0x00, 0x00, 0x00, 0x00, 0x00, 0x00,
		0x00, 0x00, 0x00, 0x00, 0x00, 0x00, 0x00, 0x00, 0x00, 0x00, 0x00, 0x00, 0x46, 0x61, 0x6D, 0x69,
		0x74, 0x73, 0x75, 0x00, 0x00, 0x00, 0x00, 0x00, 0x00, 0x00, 0x00, 0x00, 0x00, 0x00, 0x00, 0x00,
		0x00, 0x00, 0x00, 0x00, 0x00, 0x00, 0x00, 0x00, 0x00, 0x00, 0x00, 0x00, 0x00, 0x00, 0x00, 0x00,
		0x00, 0x00, 0x00, 0x00, 0x00, 0x00, 0x00, 0x00, 0x00, 0x00, 0x00, 0x00, 0x00, 0x00, 0x00, 0x00,
		0x00, 0x00, 0x00, 0x00, 0x00, 0x00, 0x00, 0x00, 0x00, 0x00, 0x00, 0x00, 0x00, 0x00, 0x00, 0x00,
		0x80, 0x05, 0x00, 0x00, 0x00, 0x00, 0x00, 0x00, 0x00, 0x00, 0x00, 0x00, 0x00, 0x00, 0x00, 0x00,
		0x00, 0x00, 0x00, 0x00, 0x00, 0x00, 0x00, 0x00, 0x00, 0x00, 0x00, 0x00, 0x00, 0x00, 0x00, 0x00,
		0xFF, 0xFF, 0xFF, 0xFF, 0xFF, 0xFF, 0xFF, 0xFF, 0xFF, 0xFF, 0xFF, 0xFF, 0xFF, 0xFF, 0x0F, 0x02,
		0x00, 0x00, 0x00, 0x00, 0x04, 0x03, 0x03, 0x00, 0x00, 0x00, 0xEB, 0xB4, 0x2D, 0xFF, 0x73, 0xC8,
		0x76, 0xFF, 0x73, 0xC8, 0x76, 0xFF, 0x8B, 0xA1, 0x50, 0xFF, 0x00, 0x00, 0x00, 0xFF, 0x00, 0x00,
		0x00, 0xFF, 0x00, 0x00, 0x00, 0xFF, 0x00, 0x00, 0x00, 0xFF, 0x00, 0x00, 0x00, 0xFF, 0x00, 0x00,
		0x00, 0x00, 0xF8, 0xFF
	]),
	new Uint8Array([
		0x50, 0x6F, 0x6C, 0x79, 0x74, 0x61, 0x6E, 0x00, 0x00, 0x00, 0x00, 0x00, 0x00, 0x00, 0x00, 0x00,
		0x00, 0x00, 0x00, 0x00, 0x00, 0x00, 0x00, 0x00, 0x00, 0x00, 0x00, 0x00, 0x00, 0x00, 0x00, 0x00,
		0x00, 0x00, 0x00, 0x00, 0x00, 0x02, 0x37, 0x04, 0x1E, 0x07, 0x00, 0x00, 0x00, 0x00, 0x00, 0x00,
		0x00, 0x00, 0x00, 0x00, 0x00, 0x00, 0x00, 0x00, 0x1E, 0x07, 0x09, 0x01, 0x13, 0x0F, 0x0E, 0x23,
		0x28, 0x00, 0x00, 0x39, 0x39, 0x39, 0x39, 0x39, 0x10, 0x12, 0x4A, 0x1C, 0x1F, 0x1B, 0x1D, 0x00,
		0x00, 0x60, 0x60, 0x60, 0x05, 0x0B, 0x02, 0x09, 0x00, 0x00, 0x00, 0x00, 0x00, 0x00, 0x00, 0x6F,
		0x57, 0x65, 0x20, 0x6B, 0x6E, 0x6F, 0x77, 0x20, 0x67, 0x61, 0x6D, 0x65, 0x73, 0x21, 0x00, 0x00,
		0x00, 0x00, 0x00, 0x00, 0x00, 0x00, 0x00, 0x00, 0x00, 0x00, 0x00, 0x00, 0x00, 0x00, 0x00, 0x00,
		0x00, 0x00, 0x00, 0x00, 0x00, 0x00, 0x00, 0x00, 0x00, 0x00, 0x00, 0x00, 0x00, 0x00, 0x00, 0x00,
		0x00, 0x00, 0x00, 0x00, 0x00, 0x00, 0x00, 0x00, 0x00, 0x00, 0x00, 0x00, 0x44, 0x65, 0x6E, 0x67,
		0x65, 0x6B, 0x69, 0x00, 0x00, 0x00, 0x00, 0x00, 0x00, 0x00, 0x00, 0x00, 0x00, 0x00, 0x00, 0x00,
		0x00, 0x00, 0x00, 0x00, 0x00, 0x00, 0x00, 0x00, 0x00, 0x00, 0x00, 0x00, 0x00, 0x00, 0x00, 0x00,
		0x00, 0x00, 0x00, 0x00, 0x00, 0x00, 0x00, 0x00, 0x00, 0x00, 0x00, 0x00, 0x00, 0x00, 0x00, 0x00,
		0x00, 0x00, 0x00, 0x00, 0x00, 0x00, 0x00, 0x00, 0x00, 0x00, 0x00, 0x00, 0x00, 0x00, 0x00, 0x00,
		0x80, 0x05, 0x00, 0x00, 0x00, 0x00, 0x00, 0x00, 0x00, 0x00, 0x00, 0x00, 0x00, 0x00, 0x00, 0x00,
		0x00, 0x00, 0x00, 0x00, 0x00, 0x00, 0x00, 0x00, 0x00, 0x00, 0x00, 0x00, 0x00, 0x00, 0x00, 0x00,
		0xFF, 0xFF, 0xFF, 0xFF, 0xFF, 0xFF, 0xFF, 0xFF, 0xFF, 0xFF, 0xFF, 0xFF, 0xFF, 0xFF, 0x0F, 0x02,
		0x04, 0x00, 0x00, 0x00, 0x03, 0x04, 0x01, 0x00, 0x00, 0x00, 0xFF, 0xFF, 0x00, 0xFF, 0xEB, 0xF5,
		0xFF, 0xFF, 0xEB, 0xF5, 0xFF, 0xFF, 0x8B, 0xA1, 0x50, 0xFF, 0x00, 0x00, 0x00, 0xFF, 0x00, 0x00,
		0x00, 0xFF, 0x00, 0x00, 0x00, 0xFF, 0x00, 0x00, 0x00, 0xFF, 0x00, 0x00, 0x00, 0xFF, 0x00, 0x00,
		0x00, 0x00, 0xF8, 0xFF
	]),
	new Uint8Array([
		0x4E, 0x79, 0x61, 0x6E, 0x62, 0x6F, 0x00, 0x00, 0x00, 0x00, 0x00, 0x00, 0x00, 0x00, 0x00, 0x00,
		0x00, 0x00, 0x00, 0x00, 0x00, 0x00, 0x00, 0x00, 0x00, 0x00, 0x00, 0x00, 0x00, 0x00, 0x00, 0x00,
		0x00, 0x00, 0x00, 0x00, 0x00, 0x02, 0x37, 0x01, 0x1E, 0x18, 0x00, 0x00, 0x00, 0x00, 0x00, 0x00,
		0x00, 0x00, 0x00, 0x00, 0x00, 0x00, 0x00, 0x00, 0x1E, 0x18, 0x09, 0x01, 0x04, 0x0F, 0x15, 0x22,
		0x23, 0x00, 0x00, 0x39, 0x39, 0x39, 0x39, 0x39, 0x10, 0x12, 0x39, 0x28, 0x19, 0x21, 0x22, 0x25,
		0x00, 0x00, 0x60, 0x60, 0x02, 0x0B, 0x01, 0x0A, 0x00, 0x00, 0x00, 0x00, 0x00, 0x00, 0x00, 0x70,
		0x49, 0x20, 0x41, 0x4D, 0x20, 0x4E, 0x59, 0x41, 0x4E, 0x42, 0x4F, 0x2E, 0x00, 0x00, 0x00, 0x00,
		0x00, 0x00, 0x00, 0x00, 0x00, 0x00, 0x00, 0x00, 0x00, 0x00, 0x00, 0x00, 0x00, 0x00, 0x00, 0x00,
		0x00, 0x00, 0x00, 0x00, 0x00, 0x00, 0x00, 0x00, 0x00, 0x00, 0x00, 0x00, 0x00, 0x00, 0x00, 0x00,
		0x00, 0x00, 0x00, 0x00, 0x00, 0x00, 0x00, 0x00, 0x00, 0x00, 0x00, 0x00, 0x44, 0x61, 0x6E, 0x62,
		0x6F, 0x61, 0x72, 0x64, 0x00, 0x00, 0x00, 0x00, 0x00, 0x00, 0x00, 0x00, 0x00, 0x00, 0x00, 0x00,
		0x00, 0x00, 0x00, 0x00, 0x00, 0x00, 0x00, 0x00, 0x00, 0x00, 0x00, 0x00, 0x00, 0x00, 0x00, 0x00,
		0x00, 0x00, 0x00, 0x00, 0x00, 0x00, 0x00, 0x00, 0x00, 0x00, 0x00, 0x00, 0x00, 0x00, 0x00, 0x00,
		0x00, 0x00, 0x00, 0x00, 0x00, 0x00, 0x00, 0x00, 0x00, 0x00, 0x00, 0x00, 0x00, 0x00, 0x00, 0x00,
		0x80, 0x05, 0x00, 0x00, 0x00, 0x00, 0x00, 0x00, 0x00, 0x00, 0x00, 0x00, 0x00, 0x00, 0x00, 0x00,
		0x00, 0x00, 0x00, 0x00, 0x00, 0x00, 0x00, 0x00, 0x00, 0x00, 0x00, 0x00, 0x00, 0x00, 0x00, 0x00,
		0xFF, 0xFF, 0xFF, 0xFF, 0xFF, 0xFF, 0xFF, 0xFF, 0xFF, 0xFF, 0xFF, 0xFF, 0xFF, 0xFF, 0x0F, 0x03,
		0x00, 0x00, 0x00, 0x00, 0x03, 0x04, 0x01, 0x00, 0x00, 0x00, 0x91, 0x5A, 0x28, 0xFF, 0xEB, 0xD2,
		0x00, 0xFF, 0xEB, 0xD2, 0x00, 0xFF, 0x8B, 0xA1, 0x50, 0xFF, 0x00, 0x00, 0x00, 0xFF, 0x00, 0x00,
		0x00, 0xFF, 0x00, 0x00, 0x00, 0xFF, 0x00, 0x00, 0x00, 0xFF, 0x00, 0x00, 0x00, 0xFF, 0x00, 0x00,
		0x00, 0x00, 0xF8, 0xFF
	]),
	new Uint8Array([
		0x4D, 0x6F, 0x6E, 0x71, 0x6C, 0x6F, 0x00, 0x00, 0x00, 0x00, 0x00, 0x00, 0x00, 0x00, 0x00, 0x00,
		0x00, 0x00, 0x00, 0x00, 0x00, 0x00, 0x00, 0x00, 0x00, 0x00, 0x00, 0x00, 0x00, 0x00, 0x00, 0x00,
		0x00, 0x00, 0x00, 0x00, 0x00, 0x00, 0x37, 0x03, 0x1F, 0x00, 0x00, 0x00, 0x00, 0x00, 0x00, 0x00,
		0x00, 0x00, 0x00, 0x00, 0x00, 0x00, 0x00, 0x00, 0x1F, 0x09, 0x01, 0x13, 0x04, 0x16, 0x0E, 0x17,
		0x00, 0x00, 0x00, 0x39, 0x39, 0x39, 0x39, 0x39, 0x2D, 0x26, 0x13, 0x3A, 0x19, 0x1A, 0x21, 0x00,
		0x00, 0x60, 0x60, 0x60, 0x06, 0x0B, 0x05, 0x09, 0x00, 0x00, 0x00, 0x00, 0x00, 0x00, 0x00, 0x71,
		0x48, 0x75, 0x6E, 0x74, 0x20, 0x69, 0x6E, 0x20, 0x73, 0x74, 0x79, 0x6C, 0x65, 0x21, 0x00, 0x00,
		0x00, 0x00, 0x00, 0x00, 0x00, 0x00, 0x00, 0x00, 0x00, 0x00, 0x00, 0x00, 0x00, 0x00, 0x00, 0x00,
		0x00, 0x00, 0x00, 0x00, 0x00, 0x00, 0x00, 0x00, 0x00, 0x00, 0x00, 0x00, 0x00, 0x00, 0x00, 0x00,
		0x00, 0x00, 0x00, 0x00, 0x00, 0x00, 0x00, 0x00, 0x00, 0x00, 0x00, 0x00, 0x55, 0x6E, 0x69, 0x71,
		0x6C, 0x6F, 0x00, 0x00, 0x00, 0x00, 0x00, 0x00, 0x00, 0x00, 0x00, 0x00, 0x00, 0x00, 0x00, 0x00,
		0x00, 0x00, 0x00, 0x00, 0x00, 0x00, 0x00, 0x00, 0x00, 0x00, 0x00, 0x00, 0x00, 0x00, 0x00, 0x00,
		0x00, 0x00, 0x00, 0x00, 0x00, 0x00, 0x00, 0x00, 0x00, 0x00, 0x00, 0x00, 0x00, 0x00, 0x00, 0x00,
		0x00, 0x00, 0x00, 0x00, 0x00, 0x00, 0x00, 0x00, 0x00, 0x00, 0x00, 0x00, 0x00, 0x00, 0x00, 0x00,
		0x80, 0x05, 0x00, 0x00, 0x00, 0x00, 0x00, 0x00, 0x00, 0x00, 0x00, 0x00, 0x00, 0x00, 0x00, 0x00,
		0x00, 0x00, 0x00, 0x00, 0x00, 0x00, 0x00, 0x00, 0x00, 0x00, 0x00, 0x00, 0x00, 0x00, 0x00, 0x00,
		0xFF, 0xFF, 0xFF, 0xFF, 0xFF, 0xFF, 0xFF, 0xFF, 0xFF, 0xFF, 0xFF, 0xFF, 0xFF, 0xFF, 0x0F, 0x01,
		0x03, 0x00, 0x00, 0x00, 0x01, 0x01, 0x02, 0x00, 0x00, 0x00, 0xFA, 0x32, 0x32, 0xFF, 0xEB, 0xF5,
		0xFF, 0xFF, 0xEB, 0xF5, 0xFF, 0xFF, 0x8B, 0xA1, 0x50, 0xFF, 0x00, 0x00, 0x00, 0xFF, 0x00, 0x00,
		0x00, 0xFF, 0x00, 0x00, 0x00, 0xFF, 0x00, 0x00, 0x00, 0xFF, 0x00, 0x00, 0x00, 0xFF, 0x00, 0x00,
		0x00, 0x00, 0xF8, 0xFF
	]),
	new Uint8Array([
		0x55, 0x6E, 0x69, 0x76, 0x65, 0x72, 0x00, 0x00, 0x00, 0x00, 0x00, 0x00, 0x00, 0x00, 0x00, 0x00,
		0x00, 0x00, 0x00, 0x00, 0x00, 0x00, 0x00, 0x00, 0x00, 0x00, 0x00, 0x00, 0x00, 0x00, 0x00, 0x00,
		0x00, 0x00, 0x00, 0x00, 0x00, 0x04, 0x37, 0x03, 0x03, 0x05, 0x00, 0x00, 0x00, 0x00, 0x00, 0x00,
		0x00, 0x00, 0x00, 0x00, 0x00, 0x00, 0x00, 0x00, 0x03, 0x05, 0x09, 0x01, 0x2D, 0x15, 0x08, 0x2A,
		0x2B, 0x00, 0x00, 0x39, 0x39, 0x39, 0x39, 0x39, 0x05, 0x2E, 0x0D, 0x3B, 0x1D, 0x23, 0x2A, 0x00,
		0x00, 0x60, 0x60, 0x60, 0x05, 0x0B, 0x05, 0x09, 0x00, 0x00, 0x00, 0x00, 0x00, 0x00, 0x00, 0x72,
		0x48, 0x75, 0x6E, 0x74, 0x20, 0x61, 0x74, 0x20, 0x55, 0x53, 0x4A, 0x21, 0x00, 0x00, 0x00, 0x00,
		0x00, 0x00, 0x00, 0x00, 0x00, 0x00, 0x00, 0x00, 0x00, 0x00, 0x00, 0x00, 0x00, 0x00, 0x00, 0x00,
		0x00, 0x00, 0x00, 0x00, 0x00, 0x00, 0x00, 0x00, 0x00, 0x00, 0x00, 0x00, 0x00, 0x00, 0x00, 0x00,
		0x00, 0x00, 0x00, 0x00, 0x00, 0x00, 0x00, 0x00, 0x00, 0x00, 0x00, 0x00, 0x55, 0x53, 0x4A, 0x00,
		0x00, 0x00, 0x00, 0x00, 0x00, 0x00, 0x00, 0x00, 0x00, 0x00, 0x00, 0x00, 0x00, 0x00, 0x00, 0x00,
		0x00, 0x00, 0x00, 0x00, 0x00, 0x00, 0x00, 0x00, 0x00, 0x00, 0x00, 0x00, 0x00, 0x00, 0x00, 0x00,
		0x00, 0x00, 0x00, 0x00, 0x00, 0x00, 0x00, 0x00, 0x00, 0x00, 0x00, 0x00, 0x00, 0x00, 0x00, 0x00,
		0x00, 0x00, 0x00, 0x00, 0x00, 0x00, 0x00, 0x00, 0x00, 0x00, 0x00, 0x00, 0x00, 0x00, 0x00, 0x00,
		0x80, 0x05, 0x00, 0x00, 0x00, 0x00, 0x00, 0x00, 0x00, 0x00, 0x00, 0x00, 0x00, 0x00, 0x00, 0x00,
		0x00, 0x00, 0x00, 0x00, 0x00, 0x00, 0x00, 0x00, 0x00, 0x00, 0x00, 0x00, 0x00, 0x00, 0x00, 0x00,
		0xFF, 0xFF, 0xFF, 0xFF, 0xFF, 0xFF, 0xFF, 0xFF, 0xFF, 0xFF, 0xFF, 0xFF, 0xFF, 0xFF, 0x0F, 0x01,
		0x01, 0x00, 0x00, 0x00, 0x02, 0x00, 0x02, 0x00, 0x00, 0x00, 0xAD, 0xB7, 0xFF, 0xFF, 0x73, 0xC8,
		0x76, 0xFF, 0x73, 0xC8, 0x76, 0xFF, 0x8B, 0xA1, 0x50, 0xFF, 0x00, 0x00, 0x00, 0xFF, 0x00, 0x00,
		0x00, 0xFF, 0x00, 0x00, 0x00, 0xFF, 0x00, 0x00, 0x00, 0xFF, 0x00, 0x00, 0x00, 0xFF, 0x00, 0x00,
		0x00, 0x00, 0xF8, 0xFF
	]),
	new Uint8Array([
		0x4C, 0x69, 0x6E, 0x6B, 0x00, 0x00, 0x00, 0x00, 0x00, 0x00, 0x00, 0x00, 0x00, 0x00, 0x00, 0x00,
		0x00, 0x00, 0x00, 0x00, 0x00, 0x00, 0x00, 0x00, 0x00, 0x00, 0x00, 0x00, 0x00, 0x00, 0x00, 0x00,
		0x00, 0x00, 0x00, 0x00, 0x00, 0x03, 0x37, 0x04, 0x14, 0x05, 0x00, 0x00, 0x00, 0x00, 0x00, 0x00,
		0x00, 0x00, 0x00, 0x00, 0x00, 0x00, 0x00, 0x00, 0x14, 0x05, 0x09, 0x01, 0x24, 0x0B, 0x19, 0x26,
		0x2B, 0x00, 0x00, 0x39, 0x39, 0x39, 0x39, 0x39, 0x29, 0x2B, 0x17, 0x3F, 0x1B, 0x1D, 0x2A, 0x00,
		0x00, 0x60, 0x60, 0x60, 0x05, 0x0B, 0x05, 0x09, 0x00, 0x00, 0x00, 0x00, 0x00, 0x00, 0x00, 0x76,
		0x45, 0x78, 0x63, 0x75, 0x2D, 0x75, 0x2D, 0x75, 0x73, 0x65, 0x20, 0x6D, 0x65, 0x21, 0x00, 0x00,
		0x00, 0x00, 0x00, 0x00, 0x00, 0x00, 0x00, 0x00, 0x00, 0x00, 0x00, 0x00, 0x00, 0x00, 0x00, 0x00,
		0x00, 0x00, 0x00, 0x00, 0x00, 0x00, 0x00, 0x00, 0x00, 0x00, 0x00, 0x00, 0x00, 0x00, 0x00, 0x00,
		0x00, 0x00, 0x00, 0x00, 0x00, 0x00, 0x00, 0x00, 0x00, 0x00, 0x00, 0x00, 0x4E, 0x69, 0x6E, 0x74,
		0x65, 0x6E, 0x64, 0x6F, 0x00, 0x00, 0x00, 0x00, 0x00, 0x00, 0x00, 0x00, 0x00, 0x00, 0x00, 0x00,
		0x00, 0x00, 0x00, 0x00, 0x00, 0x00, 0x00, 0x00, 0x00, 0x00, 0x00, 0x00, 0x00, 0x00, 0x00, 0x00,
		0x00, 0x00, 0x00, 0x00, 0x00, 0x00, 0x00, 0x00, 0x00, 0x00, 0x00, 0x00, 0x00, 0x00, 0x00, 0x00,
		0x00, 0x00, 0x00, 0x00, 0x00, 0x00, 0x00, 0x00, 0x00, 0x00, 0x00, 0x00, 0x00, 0x00, 0x00, 0x00,
		0x80, 0x05, 0x00, 0x00, 0x00, 0x00, 0x00, 0x00, 0x00, 0x00, 0x00, 0x00, 0x00, 0x00, 0x00, 0x00,
		0x00, 0x00, 0x00, 0x00, 0x00, 0x00, 0x00, 0x00, 0x00, 0x00, 0x00, 0x00, 0x00, 0x00, 0x00, 0x00,
		0xFF, 0xFF, 0xFF, 0xFF, 0xFF, 0xFF, 0xFF, 0xFF, 0xFF, 0xFF, 0xFF, 0xFF, 0xFF, 0xFF, 0x0F, 0x01,
		0x01, 0x00, 0x00, 0x00, 0x00, 0x00, 0x00, 0x00, 0x00, 0x00, 0xFF, 0xFF, 0x96, 0xFF, 0xEB, 0xF5,
		0xFF, 0xFF, 0xEB, 0xF5, 0xFF, 0xFF, 0x8B, 0xA1, 0x50, 0xFF, 0x00, 0x00, 0x00, 0xFF, 0x00, 0x00,
		0x00, 0xFF, 0x00, 0x00, 0x00, 0xFF, 0x00, 0x00, 0x00, 0xFF, 0x00, 0x00, 0x00, 0xFF, 0x00, 0x00,
		0x00, 0x00, 0xF8, 0xFF
	]),
	new Uint8Array([
		0x46, 0x6F, 0x78, 0x00, 0x00, 0x00, 0x00, 0x00, 0x00, 0x00, 0x00, 0x00, 0x00, 0x00, 0x00, 0x00,
		0x00, 0x00, 0x00, 0x00, 0x00, 0x00, 0x00, 0x00, 0x00, 0x00, 0x00, 0x00, 0x00, 0x00, 0x00, 0x00,
		0x00, 0x00, 0x00, 0x00, 0x00, 0x00, 0x37, 0x03, 0x1F, 0x00, 0x00, 0x00, 0x00, 0x00, 0x00, 0x00,
		0x00, 0x00, 0x00, 0x00, 0x00, 0x00, 0x00, 0x00, 0x1F, 0x09, 0x01, 0x2D, 0x0F, 0x08, 0x0E, 0x22,
		0x29, 0x00, 0x00, 0x00, 0x39, 0x39, 0x39, 0x39, 0x2D, 0x26, 0x40, 0x14, 0x24, 0x28, 0x00, 0x00,
		0x60, 0x60, 0x60, 0x60, 0x05, 0x0C, 0x03, 0x08, 0x00, 0x00, 0x00, 0x00, 0x00, 0x00, 0x00, 0x77,
		0x49, 0x27, 0x6D, 0x20, 0x53, 0x74, 0x61, 0x72, 0x20, 0x46, 0x6F, 0x78, 0x21, 0x00, 0x00, 0x00,
		0x00, 0x00, 0x00, 0x00, 0x00, 0x00, 0x00, 0x00, 0x00, 0x00, 0x00, 0x00, 0x00, 0x00, 0x00, 0x00,
		0x00, 0x00, 0x00, 0x00, 0x00, 0x00, 0x00, 0x00, 0x00, 0x00, 0x00, 0x00, 0x00, 0x00, 0x00, 0x00,
		0x00, 0x00, 0x00, 0x00, 0x00, 0x00, 0x00, 0x00, 0x00, 0x00, 0x00, 0x00, 0x4E, 0x69, 0x6E, 0x74,
		0x65, 0x6E, 0x64, 0x6F, 0x00, 0x00, 0x00, 0x00, 0x00, 0x00, 0x00, 0x00, 0x00, 0x00, 0x00, 0x00,
		0x00, 0x00, 0x00, 0x00, 0x00, 0x00, 0x00, 0x00, 0x00, 0x00, 0x00, 0x00, 0x00, 0x00, 0x00, 0x00,
		0x00, 0x00, 0x00, 0x00, 0x00, 0x00, 0x00, 0x00, 0x00, 0x00, 0x00, 0x00, 0x00, 0x00, 0x00, 0x00,
		0x00, 0x00, 0x00, 0x00, 0x00, 0x00, 0x00, 0x00, 0x00, 0x00, 0x00, 0x00, 0x00, 0x00, 0x00, 0x00,
		0x80, 0x05, 0x00, 0x00, 0x00, 0x00, 0x00, 0x00, 0x00, 0x00, 0x00, 0x00, 0x00, 0x00, 0x00, 0x00,
		0x00, 0x00, 0x00, 0x00, 0x00, 0x00, 0x00, 0x00, 0x00, 0x00, 0x00, 0x00, 0x00, 0x00, 0x00, 0x00,
		0xFF, 0xFF, 0xFF, 0xFF, 0xFF, 0xFF, 0xFF, 0xFF, 0xFF, 0xFF, 0xFF, 0xFF, 0xFF, 0xFF, 0x0F, 0x01,
		0x02, 0x00, 0x00, 0x00, 0x00, 0x03, 0x03, 0x00, 0x00, 0x00, 0xF0, 0xDC, 0x3C, 0xFF, 0xB4, 0xFA,
		0xBE, 0xFF, 0xB4, 0xFA, 0xBE, 0xFF, 0x8B, 0xA1, 0x50, 0xFF, 0x00, 0x00, 0x00, 0xFF, 0x00, 0x00,
		0x00, 0xFF, 0x00, 0x00, 0x00, 0xFF, 0x00, 0x00, 0x00, 0xFF, 0x00, 0x00, 0x00, 0xFF, 0x00, 0x00,
		0x00, 0x00, 0xF8, 0xFF
	]),
	new Uint8Array([
		0x4D, 0x61, 0x72, 0x69, 0x6F, 0x00, 0x00, 0x00, 0x00, 0x00, 0x00, 0x00, 0x00, 0x00, 0x00, 0x00,
		0x00, 0x00, 0x00, 0x00, 0x00, 0x00, 0x00, 0x00, 0x00, 0x00, 0x00, 0x00, 0x00, 0x00, 0x00, 0x00,
		0x00, 0x00, 0x00, 0x00, 0x00, 0x00, 0x37, 0x02, 0x1F, 0x00, 0x00, 0x00, 0x00, 0x00, 0x00, 0x00,
		0x00, 0x00, 0x00, 0x00, 0x00, 0x00, 0x00, 0x00, 0x1F, 0x09, 0x01, 0x0F, 0x15, 0x20, 0x22, 0x23,
		0x28, 0x2B, 0x00, 0x00, 0x00, 0x39, 0x39, 0x39, 0x2D, 0x26, 0x17, 0x41, 0x24, 0x0F, 0x00, 0x00,
		0x60, 0x60, 0x60, 0x60, 0x01, 0x0D, 0x06, 0x08, 0x00, 0x00, 0x00, 0x00, 0x00, 0x00, 0x00, 0x78,
		0x4D, 0x65, 0x6F, 0x77, 0x6D, 0x61, 0x20, 0x6D, 0x69, 0x61, 0x21, 0x00, 0x00, 0x00, 0x00, 0x00,
		0x00, 0x00, 0x00, 0x00, 0x00, 0x00, 0x00, 0x00, 0x00, 0x00, 0x00, 0x00, 0x00, 0x00, 0x00, 0x00,
		0x00, 0x00, 0x00, 0x00, 0x00, 0x00, 0x00, 0x00, 0x00, 0x00, 0x00, 0x00, 0x00, 0x00, 0x00, 0x00,
		0x00, 0x00, 0x00, 0x00, 0x00, 0x00, 0x00, 0x00, 0x00, 0x00, 0x00, 0x00, 0x4E, 0x69, 0x6E, 0x74,
		0x65, 0x6E, 0x64, 0x6F, 0x00, 0x00, 0x00, 0x00, 0x00, 0x00, 0x00, 0x00, 0x00, 0x00, 0x00, 0x00,
		0x00, 0x00, 0x00, 0x00, 0x00, 0x00, 0x00, 0x00, 0x00, 0x00, 0x00, 0x00, 0x00, 0x00, 0x00, 0x00,
		0x00, 0x00, 0x00, 0x00, 0x00, 0x00, 0x00, 0x00, 0x00, 0x00, 0x00, 0x00, 0x00, 0x00, 0x00, 0x00,
		0x00, 0x00, 0x00, 0x00, 0x00, 0x00, 0x00, 0x00, 0x00, 0x00, 0x00, 0x00, 0x00, 0x00, 0x00, 0x00,
		0x80, 0x05, 0x00, 0x00, 0x00, 0x00, 0x00, 0x00, 0x00, 0x00, 0x00, 0x00, 0x00, 0x00, 0x00, 0x00,
		0x00, 0x00, 0x00, 0x00, 0x00, 0x00, 0x00, 0x00, 0x00, 0x00, 0x00, 0x00, 0x00, 0x00, 0x00, 0x00,
		0xFF, 0xFF, 0xFF, 0xFF, 0xFF, 0xFF, 0xFF, 0xFF, 0xFF, 0xFF, 0xFF, 0xFF, 0xFF, 0xFF, 0x0F, 0x02,
		0x00, 0x00, 0x00, 0x00, 0x00, 0x04, 0x00, 0x00, 0x00, 0x00, 0xFA, 0xE6, 0xD7, 0xFF, 0x71, 0xDE,
		0xFF, 0xFF, 0x71, 0xDE, 0xFF, 0xFF, 0x8B, 0xA1, 0x50, 0xFF, 0x00, 0x00, 0x00, 0xFF, 0x00, 0x00,
		0x00, 0xFF, 0x00, 0x00, 0x00, 0xFF, 0x00, 0x00, 0x00, 0xFF, 0x00, 0x00, 0x00, 0xFF, 0x00, 0x00,
		0x00, 0x00, 0xF8, 0xFF
	]),
	new Uint8Array([
		0x54, 0x6F, 0x6D, 0x20, 0x4E, 0x6F, 0x6F, 0x6B, 0x00, 0x00, 0x00, 0x00, 0x00, 0x00, 0x00, 0x00,
		0x00, 0x00, 0x00, 0x00, 0x00, 0x00, 0x00, 0x00, 0x00, 0x00, 0x00, 0x00, 0x00, 0x00, 0x00, 0x00,
		0x00, 0x00, 0x00, 0x00, 0x00, 0x06, 0x37, 0x01, 0x25, 0x1B, 0x00, 0x00, 0x00, 0x00, 0x00, 0x00,
		0x00, 0x00, 0x00, 0x00, 0x00, 0x00, 0x00, 0x00, 0x25, 0x1B, 0x09, 0x01, 0x24, 0x16, 0x17, 0x20,
		0x2B, 0x00, 0x00, 0x39, 0x39, 0x39, 0x39, 0x39, 0x2C, 0x16, 0x17, 0x42, 0x11, 0x2F, 0x00, 0x00,
		0x60, 0x60, 0x60, 0x60, 0x05, 0x0B, 0x06, 0x08, 0x00, 0x00, 0x00, 0x00, 0x00, 0x00, 0x00, 0x79,
		0x59, 0x65, 0x73, 0x2C, 0x20, 0x79, 0x65, 0x73, 0x21, 0x00, 0x00, 0x00, 0x00, 0x00, 0x00, 0x00,
		0x00, 0x00, 0x00, 0x00, 0x00, 0x00, 0x00, 0x00, 0x00, 0x00, 0x00, 0x00, 0x00, 0x00, 0x00, 0x00,
		0x00, 0x00, 0x00, 0x00, 0x00, 0x00, 0x00, 0x00, 0x00, 0x00, 0x00, 0x00, 0x00, 0x00, 0x00, 0x00,
		0x00, 0x00, 0x00, 0x00, 0x00, 0x00, 0x00, 0x00, 0x00, 0x00, 0x00, 0x00, 0x4E, 0x69, 0x6E, 0x74,
		0x65, 0x6E, 0x64, 0x6F, 0x00, 0x00, 0x00, 0x00, 0x00, 0x00, 0x00, 0x00, 0x00, 0x00, 0x00, 0x00,
		0x00, 0x00, 0x00, 0x00, 0x00, 0x00, 0x00, 0x00, 0x00, 0x00, 0x00, 0x00, 0x00, 0x00, 0x00, 0x00,
		0x00, 0x00, 0x00, 0x00, 0x00, 0x00, 0x00, 0x00, 0x00, 0x00, 0x00, 0x00, 0x00, 0x00, 0x00, 0x00,
		0x00, 0x00, 0x00, 0x00, 0x00, 0x00, 0x00, 0x00, 0x00, 0x00, 0x00, 0x00, 0x00, 0x00, 0x00, 0x00,
		0x80, 0x05, 0x00, 0x00, 0x00, 0x00, 0x00, 0x00, 0x00, 0x00, 0x00, 0x00, 0x00, 0x00, 0x00, 0x00,
		0x00, 0x00, 0x00, 0x00, 0x00, 0x00, 0x00, 0x00, 0x00, 0x00, 0x00, 0x00, 0x00, 0x00, 0x00, 0x00,
		0xFF, 0xFF, 0xFF, 0xFF, 0xFF, 0xFF, 0xFF, 0xFF, 0xFF, 0xFF, 0xFF, 0xFF, 0xFF, 0xFF, 0x0F, 0x02,
		0x03, 0x00, 0x00, 0x00, 0x01, 0x04, 0x04, 0x00, 0x00, 0x00, 0x91, 0x69, 0x41, 0xFF, 0x71, 0xDE,
		0xFF, 0xFF, 0x71, 0xDE, 0xFF, 0xFF, 0x8B, 0xA1, 0x50, 0xFF, 0x00, 0x00, 0x00, 0xFF, 0x00, 0x00,
		0x00, 0xFF, 0x00, 0x00, 0x00, 0xFF, 0x00, 0x00, 0x00, 0xFF, 0x00, 0x00, 0x00, 0xFF, 0x00, 0x00,
		0x00, 0x00, 0xF8, 0xFF
	]),
	new Uint8Array([
		0x5A, 0x65, 0x6C, 0x64, 0x61, 0x00, 0x00, 0x00, 0x00, 0x00, 0x00, 0x00, 0x00, 0x00, 0x00, 0x00,
		0x00, 0x00, 0x00, 0x00, 0x00, 0x00, 0x00, 0x00, 0x00, 0x00, 0x00, 0x00, 0x00, 0x00, 0x00, 0x00,
		0x00, 0x00, 0x00, 0x00, 0x00, 0x04, 0x37, 0x03, 0x03, 0x07, 0x00, 0x00, 0x00, 0x00, 0x00, 0x00,
		0x00, 0x00, 0x00, 0x00, 0x00, 0x00, 0x00, 0x00, 0x03, 0x07, 0x09, 0x01, 0x02, 0x04, 0x16, 0x08,
		0x00, 0x00, 0x39, 0x39, 0x39, 0x39, 0x39, 0x39, 0x05, 0x2E, 0x13, 0x43, 0x14, 0x23, 0x00, 0x00,
		0x60, 0x60, 0x60, 0x60, 0x06, 0x0A, 0x06, 0x08, 0x00, 0x00, 0x00, 0x00, 0x00, 0x00, 0x00, 0x7A,
		0x50, 0x75, 0x72, 0x72, 0x69, 0x6E, 0x63, 0x65, 0x73, 0x73, 0x21, 0x00, 0x00, 0x00, 0x00, 0x00,
		0x00, 0x00, 0x00, 0x00, 0x00, 0x00, 0x00, 0x00, 0x00, 0x00, 0x00, 0x00, 0x00, 0x00, 0x00, 0x00,
		0x00, 0x00, 0x00, 0x00, 0x00, 0x00, 0x00, 0x00, 0x00, 0x00, 0x00, 0x00, 0x00, 0x00, 0x00, 0x00,
		0x00, 0x00, 0x00, 0x00, 0x00, 0x00, 0x00, 0x00, 0x00, 0x00, 0x00, 0x00, 0x4E, 0x69, 0x6E, 0x74,
		0x65, 0x6E, 0x64, 0x6F, 0x00, 0x00, 0x00, 0x00, 0x00, 0x00, 0x00, 0x00, 0x00, 0x00, 0x00, 0x00,
		0x00, 0x00, 0x00, 0x00, 0x00, 0x00, 0x00, 0x00, 0x00, 0x00, 0x00, 0x00, 0x00, 0x00, 0x00, 0x00,
		0x00, 0x00, 0x00, 0x00, 0x00, 0x00, 0x00, 0x00, 0x00, 0x00, 0x00, 0x00, 0x00, 0x00, 0x00, 0x00,
		0x00, 0x00, 0x00, 0x00, 0x00, 0x00, 0x00, 0x00, 0x00, 0x00, 0x00, 0x00, 0x00, 0x00, 0x00, 0x00,
		0x80, 0x05, 0x00, 0x00, 0x00, 0x00, 0x00, 0x00, 0x00, 0x00, 0x00, 0x00, 0x00, 0x00, 0x00, 0x00,
		0x00, 0x00, 0x00, 0x00, 0x00, 0x00, 0x00, 0x00, 0x00, 0x00, 0x00, 0x00, 0x00, 0x00, 0x00, 0x00,
		0xFF, 0xFF, 0xFF, 0xFF, 0xFF, 0xFF, 0xFF, 0xFF, 0xFF, 0xFF, 0xFF, 0xFF, 0xFF, 0xFF, 0x0F, 0x02,
		0x00, 0x00, 0x00, 0x00, 0x05, 0x03, 0x03, 0x00, 0x00, 0x00, 0xFA, 0xF0, 0xE6, 0xFF, 0xEB, 0xF5,
		0xFF, 0xFF, 0xEB, 0xF5, 0xFF, 0xFF, 0x8B, 0xA1, 0x50, 0xFF, 0x00, 0x00, 0x00, 0xFF, 0x00, 0x00,
		0x00, 0xFF, 0x00, 0x00, 0x00, 0xFF, 0x00, 0x00, 0x00, 0xFF, 0x00, 0x00, 0x00, 0xFF, 0x00, 0x00,
		0x00, 0x00, 0xF8, 0xFF
	]),
	new Uint8Array([
		0x53, 0x61, 0x6D, 0x75, 0x73, 0x00, 0x00, 0x00, 0x00, 0x00, 0x00, 0x00, 0x00, 0x00, 0x00, 0x00,
		0x00, 0x00, 0x00, 0x00, 0x00, 0x00, 0x00, 0x00, 0x00, 0x00, 0x00, 0x00, 0x00, 0x00, 0x00, 0x00,
		0x00, 0x00, 0x00, 0x00, 0x00, 0x05, 0x37, 0x02, 0x0C, 0x06, 0x00, 0x00, 0x00, 0x00, 0x00, 0x00,
		0x00, 0x00, 0x00, 0x00, 0x00, 0x00, 0x00, 0x00, 0x0C, 0x06, 0x09, 0x01, 0x0F, 0x15, 0x2C, 0x22,
		0x23, 0x00, 0x00, 0x39, 0x39, 0x39, 0x39, 0x39, 0x18, 0x0B, 0x17, 0x44, 0x0E, 0x21, 0x00, 0x00,
		0x60, 0x60, 0x60, 0x60, 0x02, 0x0B, 0x06, 0x08, 0x00, 0x00, 0x00, 0x00, 0x00, 0x00, 0x00, 0x7B,
		0x49, 0x27, 0x6D, 0x20, 0x67, 0x61, 0x6C, 0x61, 0x63, 0x74, 0x69, 0x63, 0x21, 0x00, 0x00, 0x00,
		0x00, 0x00, 0x00, 0x00, 0x00, 0x00, 0x00, 0x00, 0x00, 0x00, 0x00, 0x00, 0x00, 0x00, 0x00, 0x00,
		0x00, 0x00, 0x00, 0x00, 0x00, 0x00, 0x00, 0x00, 0x00, 0x00, 0x00, 0x00, 0x00, 0x00, 0x00, 0x00,
		0x00, 0x00, 0x00, 0x00, 0x00, 0x00, 0x00, 0x00, 0x00, 0x00, 0x00, 0x00, 0x4E, 0x69, 0x6E, 0x74,
		0x65, 0x6E, 0x64, 0x6F, 0x00, 0x00, 0x00, 0x00, 0x00, 0x00, 0x00, 0x00, 0x00, 0x00, 0x00, 0x00,
		0x00, 0x00, 0x00, 0x00, 0x00, 0x00, 0x00, 0x00, 0x00, 0x00, 0x00, 0x00, 0x00, 0x00, 0x00, 0x00,
		0x00, 0x00, 0x00, 0x00, 0x00, 0x00, 0x00, 0x00, 0x00, 0x00, 0x00, 0x00, 0x00, 0x00, 0x00, 0x00,
		0x00, 0x00, 0x00, 0x00, 0x00, 0x00, 0x00, 0x00, 0x00, 0x00, 0x00, 0x00, 0x00, 0x00, 0x00, 0x00,
		0x80, 0x05, 0x00, 0x00, 0x00, 0x00, 0x00, 0x00, 0x00, 0x00, 0x00, 0x00, 0x00, 0x00, 0x00, 0x00,
		0x00, 0x00, 0x00, 0x00, 0x00, 0x00, 0x00, 0x00, 0x00, 0x00, 0x00, 0x00, 0x00, 0x00, 0x00, 0x00,
		0xFF, 0xFF, 0xFF, 0xFF, 0xFF, 0xFF, 0xFF, 0xFF, 0xFF, 0xFF, 0xFF, 0xFF, 0xFF, 0xFF, 0x0F, 0x01,
		0x02, 0x00, 0x00, 0x00, 0x01, 0x00, 0x03, 0x00, 0x00, 0x00, 0x32, 0x78, 0xFF, 0xFF, 0xFF, 0xFF,
		0x00, 0xFF, 0xFF, 0xFF, 0x00, 0xFF, 0x8B, 0xA1, 0x50, 0xFF, 0x00, 0x00, 0x00, 0xFF, 0x00, 0x00,
		0x00, 0xFF, 0x00, 0x00, 0x00, 0xFF, 0x00, 0x00, 0x00, 0xFF, 0x00, 0x00, 0x00, 0xFF, 0x00, 0x00,
		0x00, 0x00, 0xF8, 0xFF
	]),
	new Uint8Array([
		0x42, 0x61, 0x68, 0x61, 0x6D, 0x75, 0x74, 0x00, 0x00, 0x00, 0x00, 0x00, 0x00, 0x00, 0x00, 0x00,
		0x00, 0x00, 0x00, 0x00, 0x00, 0x00, 0x00, 0x00, 0x00, 0x00, 0x00, 0x00, 0x00, 0x00, 0x00, 0x00,
		0x00, 0x00, 0x00, 0x00, 0x00, 0x05, 0x37, 0x05, 0x0C, 0x06, 0x00, 0x00, 0x00, 0x00, 0x00, 0x00,
		0x00, 0x00, 0x00, 0x00, 0x00, 0x00, 0x00, 0x00, 0x0C, 0x06, 0x09, 0x01, 0x2D, 0x0B, 0x0F, 0x2A,
		0x00, 0x00, 0x39, 0x39, 0x39, 0x39, 0x39, 0x39, 0x18, 0x0B, 0x27, 0x45, 0x19, 0x1A, 0x1B, 0x00,
		0x00, 0x60, 0x60, 0x60, 0x06, 0x0A, 0x05, 0x09, 0x00, 0x00, 0x00, 0x00, 0x00, 0x00, 0x00, 0x7C,
		0x42, 0x6F, 0x77, 0x20, 0x62, 0x65, 0x66, 0x6F, 0x72, 0x65, 0x20, 0x6D, 0x65, 0x21, 0x00, 0x00,
		0x00, 0x00, 0x00, 0x00, 0x00, 0x00, 0x00, 0x00, 0x00, 0x00, 0x00, 0x00, 0x00, 0x00, 0x00, 0x00,
		0x00, 0x00, 0x00, 0x00, 0x00, 0x00, 0x00, 0x00, 0x00, 0x00, 0x00, 0x00, 0x00, 0x00, 0x00, 0x00,
		0x00, 0x00, 0x00, 0x00, 0x00, 0x00, 0x00, 0x00, 0x00, 0x00, 0x00, 0x00, 0x53, 0x71, 0x75, 0x61,
		0x72, 0x65, 0x45, 0x6E, 0x69, 0x78, 0x00, 0x00, 0x00, 0x00, 0x00, 0x00, 0x00, 0x00, 0x00, 0x00,
		0x00, 0x00, 0x00, 0x00, 0x00, 0x00, 0x00, 0x00, 0x00, 0x00, 0x00, 0x00, 0x00, 0x00, 0x00, 0x00,
		0x00, 0x00, 0x00, 0x00, 0x00, 0x00, 0x00, 0x00, 0x00, 0x00, 0x00, 0x00, 0x00, 0x00, 0x00, 0x00,
		0x00, 0x00, 0x00, 0x00, 0x00, 0x00, 0x00, 0x00, 0x00, 0x00, 0x00, 0x00, 0x00, 0x00, 0x00, 0x00,
		0x80, 0x05, 0x00, 0x00, 0x00, 0x00, 0x00, 0x00, 0x00, 0x00, 0x00, 0x00, 0x00, 0x00, 0x00, 0x00,
		0x00, 0x00, 0x00, 0x00, 0x00, 0x00, 0x00, 0x00, 0x00, 0x00, 0x00, 0x00, 0x00, 0x00, 0x00, 0x00,
		0xFF, 0xFF, 0xFF, 0xFF, 0xFF, 0xFF, 0xFF, 0xFF, 0xFF, 0xFF, 0xFF, 0xFF, 0xFF, 0xFF, 0x0F, 0x01,
		0x05, 0x00, 0x00, 0x00, 0x06, 0x02, 0x02, 0x00, 0x00, 0x00, 0x3C, 0x00, 0x00, 0xFF, 0xEB, 0xF5,
		0xFF, 0xFF, 0xEB, 0xF5, 0xFF, 0xFF, 0x8B, 0xA1, 0x50, 0xFF, 0x00, 0x00, 0x00, 0xFF, 0x00, 0x00,
		0x00, 0xFF, 0x00, 0x00, 0x00, 0xFF, 0x00, 0x00, 0x00, 0xFF, 0x00, 0x00, 0x00, 0xFF, 0x00, 0x00,
		0x00, 0x00, 0xF8, 0xFF
	]),
	new Uint8Array([
		0x4D, 0x65, 0x6F, 0x77, 0x6E, 0x69, 0x61, 0x63, 0x00, 0x00, 0x00, 0x00, 0x00, 0x00, 0x00, 0x00,
		0x00, 0x00, 0x00, 0x00, 0x00, 0x00, 0x00, 0x00, 0x00, 0x00, 0x00, 0x00, 0x00, 0x00, 0x00, 0x00,
		0x00, 0x00, 0x00, 0x00, 0x00, 0x03, 0x37, 0x02, 0x14, 0x05, 0x00, 0x00, 0x00, 0x00, 0x00, 0x00,
		0x00, 0x00, 0x00, 0x00, 0x00, 0x00, 0x00, 0x00, 0x14, 0x05, 0x09, 0x01, 0x04, 0x15, 0x16, 0x22,
		0x28, 0x00, 0x00, 0x39, 0x39, 0x39, 0x39, 0x39, 0x29, 0x2B, 0x15, 0x4B, 0x01, 0x23, 0x2F, 0x00,
		0x00, 0x60, 0x60, 0x60, 0x02, 0x0B, 0x05, 0x09, 0x00, 0x00, 0x00, 0x00, 0x00, 0x00, 0x00, 0x7D,
		0x4A, 0x6F, 0x69, 0x6E, 0x20, 0x4D, 0x48, 0x20, 0x43, 0x6C, 0x75, 0x62, 0x21, 0x00, 0x00, 0x00,
		0x00, 0x00, 0x00, 0x00, 0x00, 0x00, 0x00, 0x00, 0x00, 0x00, 0x00, 0x00, 0x00, 0x00, 0x00, 0x00,
		0x00, 0x00, 0x00, 0x00, 0x00, 0x00, 0x00, 0x00, 0x00, 0x00, 0x00, 0x00, 0x00, 0x00, 0x00, 0x00,
		0x00, 0x00, 0x00, 0x00, 0x00, 0x00, 0x00, 0x00, 0x00, 0x00, 0x00, 0x00, 0x4D, 0x48, 0x20, 0x43,
		0x6C, 0x75, 0x62, 0x00, 0x00, 0x00, 0x00, 0x00, 0x00, 0x00, 0x00, 0x00, 0x00, 0x00, 0x00, 0x00,
		0x00, 0x00, 0x00, 0x00, 0x00, 0x00, 0x00, 0x00, 0x00, 0x00, 0x00, 0x00, 0x00, 0x00, 0x00, 0x00,
		0x00, 0x00, 0x00, 0x00, 0x00, 0x00, 0x00, 0x00, 0x00, 0x00, 0x00, 0x00, 0x00, 0x00, 0x00, 0x00,
		0x00, 0x00, 0x00, 0x00, 0x00, 0x00, 0x00, 0x00, 0x00, 0x00, 0x00, 0x00, 0x00, 0x00, 0x00, 0x00,
		0x80, 0x05, 0x00, 0x00, 0x00, 0x00, 0x00, 0x00, 0x00, 0x00, 0x00, 0x00, 0x00, 0x00, 0x00, 0x00,
		0x00, 0x00, 0x00, 0x00, 0x00, 0x00, 0x00, 0x00, 0x00, 0x00, 0x00, 0x00, 0x00, 0x00, 0x00, 0x00,
		0xFF, 0xFF, 0xFF, 0xFF, 0xFF, 0xFF, 0xFF, 0xFF, 0xFF, 0xFF, 0xFF, 0xFF, 0xFF, 0xFF, 0x0F, 0x02,
		0x00, 0x00, 0x00, 0x00, 0x04, 0x00, 0x00, 0x00, 0x00, 0x00, 0xFF, 0x91, 0xB9, 0xFF, 0xEB, 0xF5,
		0xFF, 0xFF, 0xEB, 0xF5, 0xFF, 0xFF, 0x8B, 0xA1, 0x50, 0xFF, 0x00, 0x00, 0x00, 0xFF, 0x00, 0x00,
		0x00, 0xFF, 0x00, 0x00, 0x00, 0xFF, 0x00, 0x00, 0x00, 0xFF, 0x00, 0x00, 0x00, 0xFF, 0x00, 0x00,
		0x00, 0x00, 0xF8, 0xFF
	]),
	new Uint8Array([
		0x52, 0x61, 0x6E, 0x67, 0x65, 0x72, 0x00, 0x00, 0x00, 0x00, 0x00, 0x00, 0x00, 0x00, 0x00, 0x00,
		0x00, 0x00, 0x00, 0x00, 0x00, 0x00, 0x00, 0x00, 0x00, 0x00, 0x00, 0x00, 0x00, 0x00, 0x00, 0x00,
		0x00, 0x00, 0x00, 0x00, 0x00, 0x01, 0x37, 0x05, 0x1D, 0x06, 0x00, 0x00, 0x00, 0x00, 0x00, 0x00,
		0x00, 0x00, 0x00, 0x00, 0x00, 0x00, 0x00, 0x00, 0x1D, 0x06, 0x09, 0x01, 0x24, 0x0F, 0x10, 0x28,
		0x00, 0x00, 0x39, 0x39, 0x39, 0x39, 0x39, 0x39, 0x03, 0x0A, 0x27, 0x38, 0x24, 0x1D, 0x00, 0x00,
		0x60, 0x60, 0x60, 0x60, 0x06, 0x0A, 0x06, 0x08, 0x00, 0x00, 0x00, 0x00, 0x00, 0x00, 0x00, 0x80,
		0x48, 0x61, 0x70, 0x70, 0x79, 0x20, 0x48, 0x75, 0x6E, 0x74, 0x69, 0x6E, 0x67, 0x21, 0x00, 0x00,
		0x00, 0x00, 0x00, 0x00, 0x00, 0x00, 0x00, 0x00, 0x00, 0x00, 0x00, 0x00, 0x00, 0x00, 0x00, 0x00,
		0x00, 0x00, 0x00, 0x00, 0x00, 0x00, 0x00, 0x00, 0x00, 0x00, 0x00, 0x00, 0x00, 0x00, 0x00, 0x00,
		0x00, 0x00, 0x00, 0x00, 0x00, 0x00, 0x00, 0x00, 0x00, 0x00, 0x00, 0x00, 0x43, 0x61, 0x70, 0x63,
		0x6F, 0x6D, 0x00, 0x00, 0x00, 0x00, 0x00, 0x00, 0x00, 0x00, 0x00, 0x00, 0x00, 0x00, 0x00, 0x00,
		0x00, 0x00, 0x00, 0x00, 0x00, 0x00, 0x00, 0x00, 0x00, 0x00, 0x00, 0x00, 0x00, 0x00, 0x00, 0x00,
		0x00, 0x00, 0x00, 0x00, 0x00, 0x00, 0x00, 0x00, 0x00, 0x00, 0x00, 0x00, 0x00, 0x00, 0x00, 0x00,
		0x00, 0x00, 0x00, 0x00, 0x00, 0x00, 0x00, 0x00, 0x00, 0x00, 0x00, 0x00, 0x00, 0x00, 0x00, 0x00,
		0x80, 0x05, 0x00, 0x00, 0x00, 0x00, 0x00, 0x00, 0x00, 0x00, 0x00, 0x00, 0x00, 0x00, 0x00, 0x00,
		0x00, 0x00, 0x00, 0x00, 0x00, 0x00, 0x00, 0x00, 0x00, 0x00, 0x00, 0x00, 0x00, 0x00, 0x00, 0x00,
		0xFF, 0xFF, 0xFF, 0xFF, 0xFF, 0xFF, 0xFF, 0xFF, 0xFF, 0xFF, 0xFF, 0xFF, 0xFF, 0xFF, 0x0F, 0x01,
		0x00, 0x00, 0x00, 0x00, 0x00, 0x00, 0x00, 0x00, 0x00, 0x00, 0xF0, 0xF0, 0xF0, 0xFF, 0x71, 0xDE,
		0xFF, 0xFF, 0x71, 0xDE, 0xFF, 0xFF, 0x8B, 0xA1, 0x50, 0xFF, 0x00, 0x00, 0x00, 0xFF, 0x00, 0x00,
		0x00, 0xFF, 0x00, 0x00, 0x00, 0xFF, 0x00, 0x00, 0x00, 0xFF, 0x00, 0x00, 0x00, 0xFF, 0x00, 0x00,
		0x00, 0x00, 0xF8, 0xFF
	]),
	new Uint8Array([
		0x52, 0x61, 0x6E, 0x67, 0x65, 0x72, 0x20, 0x32, 0x00, 0x00, 0x00, 0x00, 0x00, 0x00, 0x00, 0x00,
		0x00, 0x00, 0x00, 0x00, 0x00, 0x00, 0x00, 0x00, 0x00, 0x00, 0x00, 0x00, 0x00, 0x00, 0x00, 0x00,
		0x00, 0x00, 0x00, 0x00, 0x00, 0x01, 0x37, 0x05, 0x1D, 0x06, 0x00, 0x00, 0x00, 0x00, 0x00, 0x00,
		0x00, 0x00, 0x00, 0x00, 0x00, 0x00, 0x00, 0x00, 0x1D, 0x06, 0x09, 0x01, 0x24, 0x0F, 0x10, 0x28,
		0x00, 0x00, 0x39, 0x39, 0x39, 0x39, 0x39, 0x39, 0x03, 0x0A, 0x27, 0x38, 0x24, 0x1D, 0x00, 0x00,
		0x60, 0x60, 0x60, 0x60, 0x06, 0x0A, 0x06, 0x08, 0x00, 0x00, 0x00, 0x00, 0x00, 0x00, 0x00, 0x9D,
		0x48, 0x61, 0x70, 0x70, 0x79, 0x20, 0x48, 0x75, 0x6E, 0x74, 0x69, 0x6E, 0x67, 0x21, 0x00, 0x00,
		0x00, 0x00, 0x00, 0x00, 0x00, 0x00, 0x00, 0x00, 0x00, 0x00, 0x00, 0x00, 0x00, 0x00, 0x00, 0x00,
		0x00, 0x00, 0x00, 0x00, 0x00, 0x00, 0x00, 0x00, 0x00, 0x00, 0x00, 0x00, 0x00, 0x00, 0x00, 0x00,
		0x00, 0x00, 0x00, 0x00, 0x00, 0x00, 0x00, 0x00, 0x00, 0x00, 0x00, 0x00, 0x43, 0x61, 0x70, 0x63,
		0x6F, 0x6D, 0x00, 0x00, 0x00, 0x00, 0x00, 0x00, 0x00, 0x00, 0x00, 0x00, 0x00, 0x00, 0x00, 0x00,
		0x00, 0x00, 0x00, 0x00, 0x00, 0x00, 0x00, 0x00, 0x00, 0x00, 0x00, 0x00, 0x00, 0x00, 0x00, 0x00,
		0x00, 0x00, 0x00, 0x00, 0x00, 0x00, 0x00, 0x00, 0x00, 0x00, 0x00, 0x00, 0x00, 0x00, 0x00, 0x00,
		0x00, 0x00, 0x00, 0x00, 0x00, 0x00, 0x00, 0x00, 0x00, 0x00, 0x00, 0x00, 0x00, 0x00, 0x00, 0x00,
		0x80, 0x05, 0x00, 0x00, 0x00, 0x00, 0x00, 0x00, 0x00, 0x00, 0x00, 0x00, 0x00, 0x00, 0x00, 0x00,
		0x00, 0x00, 0x00, 0x00, 0x00, 0x00, 0x00, 0x00, 0x00, 0x00, 0x00, 0x00, 0x00, 0x00, 0x00, 0x00,
		0xFF, 0xFF, 0xFF, 0xFF, 0xFF, 0xFF, 0xFF, 0xFF, 0xFF, 0xFF, 0xFF, 0xFF, 0xFF, 0xFF, 0x0F, 0x01,
		0x00, 0x00, 0x00, 0x00, 0x00, 0x00, 0x00, 0x00, 0x00, 0x00, 0xF0, 0xF0, 0xF0, 0xFF, 0x71, 0xDE,
		0xFF, 0xFF, 0x71, 0xDE, 0xFF, 0xFF, 0x8B, 0xA1, 0x50, 0xFF, 0x00, 0x00, 0x00, 0xFF, 0x00, 0x00,
		0x00, 0xFF, 0x00, 0x00, 0x00, 0xFF, 0x00, 0x00, 0x00, 0xFF, 0x00, 0x00, 0x00, 0xFF, 0x00, 0x00,
		0x00, 0x00, 0xF8, 0xFF
	]),
	new Uint8Array([
		0x44, 0x61, 0x68, 0x64, 0x72, 0x61, 0x69, 0x00, 0x00, 0x00, 0x00, 0x00, 0x00, 0x00, 0x00, 0x00,
		0x00, 0x00, 0x00, 0x00, 0x00, 0x00, 0x00, 0x00, 0x00, 0x00, 0x00, 0x00, 0x00, 0x00, 0x00, 0x00,
		0x00, 0x00, 0x00, 0x00, 0x00, 0x05, 0x37, 0x05, 0x0C, 0x06, 0x00, 0x00, 0x00, 0x00, 0x00, 0x00,
		0x00, 0x00, 0x00, 0x00, 0x00, 0x00, 0x00, 0x00, 0x0C, 0x06, 0x09, 0x01, 0x2D, 0x2C, 0x2A, 0x19,
		0x0A, 0x00, 0x00, 0x39, 0x39, 0x39, 0x39, 0x39, 0x18, 0x0B, 0x0C, 0x55, 0x28, 0x4F, 0x00, 0x00,
		0x60, 0x60, 0x60, 0x60, 0x05, 0x0B, 0x06, 0x08, 0x00, 0x00, 0x00, 0x00, 0x00, 0x00, 0x00, 0x9E,
		0x48, 0x61, 0x70, 0x70, 0x79, 0x20, 0x48, 0x75, 0x6E, 0x74, 0x69, 0x6E, 0x67, 0x21, 0x00, 0x00,
		0x00, 0x00, 0x00, 0x00, 0x00, 0x00, 0x00, 0x00, 0x00, 0x00, 0x00, 0x00, 0x00, 0x00, 0x00, 0x00,
		0x00, 0x00, 0x00, 0x00, 0x00, 0x00, 0x00, 0x00, 0x00, 0x00, 0x00, 0x00, 0x00, 0x00, 0x00, 0x00,
		0x00, 0x00, 0x00, 0x00, 0x00, 0x00, 0x00, 0x00, 0x00, 0x00, 0x00, 0x00, 0x43, 0x61, 0x70, 0x63,
		0x6F, 0x6D, 0x00, 0x00, 0x00, 0x00, 0x00, 0x00, 0x00, 0x00, 0x00, 0x00, 0x00, 0x00, 0x00, 0x00,
		0x00, 0x00, 0x00, 0x00, 0x00, 0x00, 0x00, 0x00, 0x00, 0x00, 0x00, 0x00, 0x00, 0x00, 0x00, 0x00,
		0x00, 0x00, 0x00, 0x00, 0x00, 0x00, 0x00, 0x00, 0x00, 0x00, 0x00, 0x00, 0x00, 0x00, 0x00, 0x00,
		0x00, 0x00, 0x00, 0x00, 0x00, 0x00, 0x00, 0x00, 0x00, 0x00, 0x00, 0x00, 0x00, 0x00, 0x00, 0x00,
		0x80, 0x05, 0x00, 0x00, 0x00, 0x00, 0x00, 0x00, 0x00, 0x00, 0x00, 0x00, 0x00, 0x00, 0x00, 0x00,
		0x00, 0x00, 0x00, 0x00, 0x00, 0x00, 0x00, 0x00, 0x00, 0x00, 0x00, 0x00, 0x00, 0x00, 0x00, 0x00,
		0xFF, 0xFF, 0xFF, 0xFF, 0xFF, 0xFF, 0xFF, 0xFF, 0xFF, 0xFF, 0xFF, 0xFF, 0xFF, 0xFF, 0x0F, 0x02,
		0x00, 0x00, 0x00, 0x00, 0x02, 0x00, 0x00, 0x00, 0x00, 0x00, 0x6B, 0x6F, 0x8B, 0xFF, 0xED, 0xD4,
		0x00, 0xFF, 0xED, 0xD4, 0x00, 0xFF, 0x8B, 0xA1, 0x50, 0xFF, 0x00, 0x00, 0x00, 0xFF, 0x00, 0x00,
		0x00, 0xFF, 0x00, 0x00, 0x00, 0xFF, 0x00, 0x00, 0x00, 0xFF, 0x00, 0x00, 0x00, 0xFF, 0x00, 0x00,
		0x00, 0x00, 0xF8, 0xFF
	]),
	new Uint8Array([
		0x41, 0x72, 0x61, 0x75, 0x6A, 0x6F, 0x00, 0x00, 0x00, 0x00, 0x00, 0x00, 0x00, 0x00, 0x00, 0x00,
		0x00, 0x00, 0x00, 0x00, 0x00, 0x00, 0x00, 0x00, 0x00, 0x00, 0x00, 0x00, 0x00, 0x00, 0x00, 0x00,
		0x00, 0x00, 0x00, 0x00, 0x00, 0x03, 0x37, 0x04, 0x14, 0x05, 0x00, 0x00, 0x00, 0x00, 0x00, 0x00,
		0x00, 0x00, 0x00, 0x00, 0x00, 0x00, 0x00, 0x00, 0x14, 0x05, 0x09, 0x01, 0x13, 0x04, 0x21, 0x20,
		0x00, 0x00, 0x39, 0x39, 0x39, 0x39, 0x39, 0x39, 0x29, 0x2B, 0x0D, 0x5D, 0x14, 0x23, 0x00, 0x00,
		0x60, 0x60, 0x60, 0x60, 0x06, 0x0A, 0x06, 0x08, 0x00, 0x00, 0x00, 0x00, 0x00, 0x00, 0x00, 0x9F,
		0x48, 0x61, 0x70, 0x70, 0x79, 0x20, 0x48, 0x75, 0x6E, 0x74, 0x69, 0x6E, 0x67, 0x21, 0x00, 0x00,
		0x00, 0x00, 0x00, 0x00, 0x00, 0x00, 0x00, 0x00, 0x00, 0x00, 0x00, 0x00, 0x00, 0x00, 0x00, 0x00,
		0x00, 0x00, 0x00, 0x00, 0x00, 0x00, 0x00, 0x00, 0x00, 0x00, 0x00, 0x00, 0x00, 0x00, 0x00, 0x00,
		0x00, 0x00, 0x00, 0x00, 0x00, 0x00, 0x00, 0x00, 0x00, 0x00, 0x00, 0x00, 0x43, 0x61, 0x70, 0x63,
		0x6F, 0x6D, 0x00, 0x00, 0x00, 0x00, 0x00, 0x00, 0x00, 0x00, 0x00, 0x00, 0x00, 0x00, 0x00, 0x00,
		0x00, 0x00, 0x00, 0x00, 0x00, 0x00, 0x00, 0x00, 0x00, 0x00, 0x00, 0x00, 0x00, 0x00, 0x00, 0x00,
		0x00, 0x00, 0x00, 0x00, 0x00, 0x00, 0x00, 0x00, 0x00, 0x00, 0x00, 0x00, 0x00, 0x00, 0x00, 0x00,
		0x00, 0x00, 0x00, 0x00, 0x00, 0x00, 0x00, 0x00, 0x00, 0x00, 0x00, 0x00, 0x00, 0x00, 0x00, 0x00,
		0x80, 0x05, 0x00, 0x00, 0x00, 0x00, 0x00, 0x00, 0x00, 0x00, 0x00, 0x00, 0x00, 0x00, 0x00, 0x00,
		0x00, 0x00, 0x00, 0x00, 0x00, 0x00, 0x00, 0x00, 0x00, 0x00, 0x00, 0x00, 0x00, 0x00, 0x00, 0x00,
		0xFF, 0xFF, 0xFF, 0xFF, 0xFF, 0xFF, 0xFF, 0xFF, 0xFF, 0xFF, 0xFF, 0xFF, 0xFF, 0xFF, 0x0F, 0x03,
		0x02, 0x00, 0x00, 0x00, 0x06, 0x03, 0x00, 0x00, 0x00, 0x00, 0xE2, 0xE5, 0xD3, 0xFF, 0x73, 0xC8,
		0x76, 0xFF, 0x73, 0xC8, 0x76, 0xFF, 0x8B, 0xA1, 0x50, 0xFF, 0x00, 0x00, 0x00, 0xFF, 0x00, 0x00,
		0x00, 0xFF, 0x00, 0x00, 0x00, 0xFF, 0x00, 0x00, 0x00, 0xFF, 0x00, 0x00, 0x00, 0xFF, 0x00, 0x00,
		0x00, 0x00, 0xF8, 0xFF
	])
];

const JP_DLC_CAT_DATA = [
	new Uint8Array([
		0xE3, 0x81, 0xBD, 0xE3, 0x81, 0x8B, 0xE3, 0x81, 0xBD, 0xE3, 0x81, 0x8B, 0x00, 0x00, 0x00, 0x00,
		0x00, 0x00, 0x00, 0x00, 0x00, 0x00, 0x00, 0x00, 0x00, 0x00, 0x00, 0x00, 0x00, 0x00, 0x00, 0x00,
		0x00, 0x00, 0x00, 0x00, 0x00, 0x06, 0x37, 0x01, 0x25, 0x1B, 0x00, 0x00, 0x00, 0x00, 0x00, 0x00,
		0x00, 0x00, 0x00, 0x00, 0x00, 0x00, 0x00, 0x00, 0x25, 0x1B, 0x09, 0x01, 0x04, 0x16, 0x17, 0x20,
		0x2A, 0x2B, 0x00, 0x00, 0x39, 0x39, 0x39, 0x39, 0x2C, 0x16, 0x17, 0x49, 0x1B, 0x21, 0x2F, 0x00,
		0x00, 0x60, 0x60, 0x60, 0x01, 0x0C, 0x05, 0x09, 0x00, 0x00, 0x00, 0x00, 0x00, 0x00, 0x00, 0x64,
		0xE3, 0x82, 0xA2, 0xE3, 0x82, 0xA4, 0xE3, 0x83, 0xAB, 0xE3, 0x83, 0xBC, 0xE3, 0x83, 0xA9, 0xE3,
		0x82, 0xA4, 0xE3, 0x83, 0x95, 0xE3, 0x82, 0x92, 0xE6, 0xBA, 0x80, 0xE5, 0x96, 0xAB, 0xE3, 0x81,
		0xA0, 0xE3, 0x83, 0x8B, 0xE3, 0x83, 0xA3, 0x00, 0x00, 0x00, 0x00, 0x00, 0x00, 0x00, 0x00, 0x00,
		0x00, 0x00, 0x00, 0x00, 0x00, 0x00, 0x00, 0x00, 0x00, 0x00, 0x00, 0x00, 0xE3, 0x82, 0xAB, 0xE3,
		0x83, 0x97, 0xE3, 0x82, 0xB3, 0xE3, 0x83, 0xB3, 0x00, 0x00, 0x00, 0x00, 0x00, 0x00, 0x00, 0x00,
		0x00, 0x00, 0x00, 0x00, 0x00, 0x00, 0x00, 0x00, 0x00, 0x00, 0x00, 0x00, 0x00, 0x00, 0x00, 0x00,
		0x00, 0x00, 0x00, 0x00, 0x00, 0x00, 0x00, 0x00, 0x00, 0x00, 0x00, 0x00, 0x00, 0x00, 0x00, 0x00,
		0x00, 0x00, 0x00, 0x00, 0x00, 0x00, 0x00, 0x00, 0x00, 0x00, 0x00, 0x00, 0x00, 0x00, 0x02, 0x00,
		0x80, 0x05, 0x00, 0x00, 0x00, 0x00, 0x00, 0x00, 0x00, 0x00, 0x00, 0x00, 0x00, 0x00, 0x00, 0x00,
		0x00, 0x00, 0x00, 0x00, 0x00, 0x00, 0x00, 0x00, 0x00, 0x00, 0x00, 0x00, 0x00, 0x00, 0x00, 0x00,
		0xFF, 0xFF, 0xFF, 0xFF, 0xFF, 0xFF, 0xFF, 0xFF, 0xFF, 0xFF, 0xFF, 0xFF, 0xFF, 0xFF, 0x0F, 0x01,
		0x00, 0x00, 0x00, 0x00, 0x00, 0x00, 0x00, 0x00, 0x00, 0x00, 0xDC, 0xDC, 0xDC, 0xFF, 0xEB, 0xF5,
		0xFF, 0xFF, 0xEB, 0xF5, 0xFF, 0xFF, 0x8B, 0xA1, 0x50, 0xFF, 0x00, 0x00, 0x00, 0xFF, 0x00, 0x00,
		0x00, 0xFF, 0x00, 0x00, 0x00, 0xFF, 0x00, 0x00, 0x00, 0xFF, 0x00, 0x00, 0x00, 0xFF, 0x00, 0x00,
		0x00, 0x00, 0xF8, 0xFF
	]),
	new Uint8Array([
		0xE3, 0x83, 0x9F, 0xE3, 0x82, 0xB1, 0xE3, 0x82, 0xB4, 0xE3, 0x83, 0xBC, 0xE3, 0x83, 0xAB, 0xE3,
		0x83, 0x89, 0x00, 0x00, 0x00, 0x00, 0x00, 0x00, 0x00, 0x00, 0x00, 0x00, 0x00, 0x00, 0x00, 0x00,
		0x00, 0x00, 0x00, 0x00, 0x00, 0x00, 0x37, 0x03, 0x1F, 0x00, 0x00, 0x00, 0x00, 0x00, 0x00, 0x00,
		0x00, 0x00, 0x00, 0x00, 0x00, 0x00, 0x00, 0x00, 0x1F, 0x09, 0x01, 0x0F, 0x15, 0x08, 0x0A, 0x19,
		0x23, 0x28, 0x00, 0x00, 0x00, 0x39, 0x39, 0x39, 0x2D, 0x26, 0x4C, 0x14, 0x0F, 0x1D, 0x1E, 0x2A,
		0x00, 0x00, 0x60, 0x60, 0x01, 0x0D, 0x01, 0x0A, 0x00, 0x00, 0x00, 0x00, 0x00, 0x00, 0x00, 0x65,
		0xE4, 0xB8, 0x89, 0xE6, 0xAF, 0x9B, 0xE7, 0x8C, 0xAB, 0xE9, 0x9A, 0x8A, 0xEF, 0xBC, 0x98, 0xE5,
		0x8F, 0xB7, 0xE5, 0x8F, 0x82, 0xE4, 0xB8, 0x8A, 0xE3, 0x83, 0x8B, 0xE3, 0x83, 0xA3, 0xE3, 0x83,
		0x8E, 0xE3, 0x83, 0x80, 0xEF, 0xBC, 0x81, 0x00, 0x00, 0x00, 0x00, 0x00, 0x00, 0x00, 0x00, 0x00,
		0x00, 0x00, 0x00, 0x00, 0x00, 0x00, 0x00, 0x00, 0x00, 0x00, 0x00, 0x00, 0xE4, 0xB8, 0x89, 0xE6,
		0xAF, 0x9B, 0xE7, 0x8C, 0xAB, 0xE9, 0x9A, 0x8A, 0xE9, 0x9A, 0x8A, 0xE9, 0x95, 0xB7, 0x00, 0x00,
		0x00, 0x00, 0x00, 0x00, 0x00, 0x00, 0x00, 0x00, 0x00, 0x00, 0x00, 0x00, 0x00, 0x00, 0x00, 0x00,
		0x00, 0x00, 0x00, 0x00, 0x00, 0x00, 0x00, 0x00, 0x00, 0x00, 0x00, 0x00, 0x00, 0x00, 0x00, 0x00,
		0x00, 0x00, 0x00, 0x00, 0x00, 0x00, 0x00, 0x00, 0x00, 0x00, 0x00, 0x00, 0x00, 0x00, 0x05, 0x00,
		0x80, 0x05, 0x00, 0x00, 0x00, 0x00, 0x00, 0x00, 0x00, 0x00, 0x00, 0x00, 0x00, 0x00, 0x00, 0x00,
		0x00, 0x00, 0x00, 0x00, 0x00, 0x00, 0x00, 0x00, 0x00, 0x00, 0x00, 0x00, 0x00, 0x00, 0x00, 0x00,
		0xFF, 0xFF, 0xFF, 0xFF, 0xFF, 0xFF, 0xFF, 0xFF, 0xFF, 0xFF, 0xFF, 0xFF, 0xFF, 0xFF, 0x0F, 0x03,
		0x03, 0x00, 0x00, 0x00, 0x05, 0x01, 0x01, 0x00, 0x00, 0x00, 0xCD, 0xB4, 0x5F, 0xFF, 0xEB, 0xC8,
		0x00, 0xFF, 0xEB, 0xC8, 0x00, 0xFF, 0x8B, 0xA1, 0x50, 0xFF, 0x00, 0x00, 0x00, 0xFF, 0x00, 0x00,
		0x00, 0xFF, 0x00, 0x00, 0x00, 0xFF, 0x00, 0x00, 0x00, 0xFF, 0x00, 0x00, 0x00, 0xFF, 0x00, 0x00,
		0x00, 0x00, 0xF8, 0xFF
	]),
	new Uint8Array([
		0xE5, 0x9D, 0x8A, 0xE3, 0x83, 0x8B, 0xE3, 0x83, 0xA3, 0xE6, 0x98, 0xA5, 0xE9, 0x81, 0x93, 0x00,
		0x00, 0x00, 0x00, 0x00, 0x00, 0x00, 0x00, 0x00, 0x00, 0x00, 0x00, 0x00, 0x00, 0x00, 0x00, 0x00,
		0x00, 0x00, 0x00, 0x00, 0x00, 0x05, 0x37, 0x05, 0x0C, 0x06, 0x00, 0x00, 0x00, 0x00, 0x00, 0x00,
		0x00, 0x00, 0x00, 0x00, 0x00, 0x00, 0x00, 0x00, 0x0C, 0x06, 0x09, 0x01, 0x1C, 0x27, 0x08, 0x0E,
		0x23, 0x2B, 0x00, 0x00, 0x39, 0x39, 0x39, 0x39, 0x18, 0x0B, 0x27, 0x30, 0x08, 0x22, 0x25, 0x00,
		0x00, 0x60, 0x60, 0x60, 0x01, 0x0C, 0x05, 0x09, 0x00, 0x00, 0x00, 0x00, 0x00, 0x00, 0x00, 0x66,
		0xEF, 0xBC, 0x92, 0xEF, 0xBC, 0x95, 0xE5, 0x91, 0xA8, 0xE5, 0xB9, 0xB4, 0xE3, 0x81, 0xBE, 0xE3,
		0x81, 0xA0, 0xE3, 0x81, 0xBE, 0xE3, 0x81, 0xA0, 0xE3, 0x82, 0x88, 0xE3, 0x82, 0x8D, 0xE3, 0x81,
		0x97, 0xE3, 0x81, 0x8F, 0xE3, 0x83, 0x8B, 0xE3, 0x83, 0xA3, 0x00, 0x00, 0x00, 0x00, 0x00, 0x00,
		0x00, 0x00, 0x00, 0x00, 0x00, 0x00, 0x00, 0x00, 0x00, 0x00, 0x00, 0x00, 0xE3, 0x83, 0x81, 0xE3,
		0x83, 0xA3, 0xE3, 0x83, 0xB3, 0xE3, 0x83, 0x94, 0xE3, 0x82, 0xAA, 0xE3, 0x83, 0xB3, 0x00, 0x00,
		0x00, 0x00, 0x00, 0x00, 0x00, 0x00, 0x00, 0x00, 0x00, 0x00, 0x00, 0x00, 0x00, 0x00, 0x00, 0x00,
		0x00, 0x00, 0x00, 0x00, 0x00, 0x00, 0x00, 0x00, 0x00, 0x00, 0x00, 0x00, 0x00, 0x00, 0x00, 0x00,
		0x00, 0x00, 0x00, 0x00, 0x00, 0x00, 0x00, 0x00, 0x00, 0x00, 0x00, 0x00, 0x00, 0x00, 0x00, 0x00,
		0x80, 0x05, 0x00, 0x00, 0x00, 0x00, 0x00, 0x00, 0x00, 0x00, 0x00, 0x00, 0x00, 0x00, 0x00, 0x00,
		0x00, 0x00, 0x00, 0x00, 0x00, 0x00, 0x00, 0x00, 0x00, 0x00, 0x00, 0x00, 0x00, 0x00, 0x00, 0x00,
		0xFF, 0xFF, 0xFF, 0xFF, 0xFF, 0xFF, 0xFF, 0xFF, 0xFF, 0xFF, 0xFF, 0xFF, 0xFF, 0xFF, 0x0F, 0x03,
		0x02, 0x00, 0x00, 0x00, 0x06, 0x03, 0x02, 0x00, 0x00, 0x00, 0x5F, 0x5F, 0x5F, 0xFF, 0xFF, 0xFF,
		0x00, 0xFF, 0xFF, 0xFF, 0x00, 0xFF, 0x8B, 0xA1, 0x50, 0xFF, 0x00, 0x00, 0x00, 0xFF, 0x00, 0x00,
		0x00, 0xFF, 0x00, 0x00, 0x00, 0xFF, 0x00, 0x00, 0x00, 0xFF, 0x00, 0x00, 0x00, 0xFF, 0x00, 0x00,
		0x00, 0x00, 0xF8, 0xFF
	]),
	new Uint8Array([
		0xE5, 0xB0, 0x8F, 0xE9, 0x87, 0x8E, 0xE7, 0x94, 0xB0, 0xE3, 0x83, 0x8D, 0xE3, 0x82, 0xB3, 0xE9,
		0x81, 0x93, 0x00, 0x00, 0x00, 0x00, 0x00, 0x00, 0x00, 0x00, 0x00, 0x00, 0x00, 0x00, 0x00, 0x00,
		0x00, 0x00, 0x00, 0x00, 0x00, 0x06, 0x37, 0x03, 0x25, 0x1A, 0x00, 0x00, 0x00, 0x00, 0x00, 0x00,
		0x00, 0x00, 0x00, 0x00, 0x00, 0x00, 0x00, 0x00, 0x25, 0x1A, 0x09, 0x01, 0x15, 0x2C, 0x19, 0x22,
		0x23, 0x26, 0x00, 0x00, 0x39, 0x39, 0x39, 0x39, 0x2C, 0x16, 0x31, 0x14, 0x24, 0x1A, 0x1E, 0x00,
		0x00, 0x60, 0x60, 0x60, 0x01, 0x0C, 0x02, 0x09, 0x00, 0x00, 0x00, 0x00, 0x00, 0x00, 0x00, 0x67,
		0xE3, 0x83, 0x92, 0xE3, 0x83, 0xA1, 0xE2, 0x99, 0xAA, 0xE3, 0x83, 0x92, 0xE3, 0x83, 0xA1, 0xE3,
		0x83, 0x92, 0xE3, 0x83, 0xA1, 0xE5, 0xA4, 0xA7, 0xE5, 0xA5, 0xBD, 0xE3, 0x81, 0x8D, 0xE3, 0x83,
		0x8B, 0xE3, 0x83, 0xA3, 0xEF, 0xBD, 0x9E, 0xE2, 0x99, 0xAA, 0x00, 0x00, 0x00, 0x00, 0x00, 0x00,
		0x00, 0x00, 0x00, 0x00, 0x00, 0x00, 0x00, 0x00, 0x00, 0x00, 0x00, 0x00, 0xE3, 0x83, 0x81, 0xE3,
		0x83, 0xA3, 0xE3, 0x83, 0xB3, 0xE3, 0x83, 0x94, 0xE3, 0x82, 0xAA, 0xE3, 0x83, 0xB3, 0x00, 0x00,
		0x00, 0x00, 0x00, 0x00, 0x00, 0x00, 0x00, 0x00, 0x00, 0x00, 0x00, 0x00, 0x00, 0x00, 0x00, 0x00,
		0x00, 0x00, 0x00, 0x00, 0x00, 0x00, 0x00, 0x00, 0x00, 0x00, 0x00, 0x00, 0x00, 0x00, 0x00, 0x00,
		0x00, 0x00, 0x00, 0x00, 0x00, 0x00, 0x00, 0x00, 0x00, 0x00, 0x00, 0x00, 0x00, 0x00, 0x00, 0x00,
		0x80, 0x05, 0x00, 0x00, 0x00, 0x00, 0x00, 0x00, 0x00, 0x00, 0x00, 0x00, 0x00, 0x00, 0x00, 0x00,
		0x00, 0x00, 0x00, 0x00, 0x00, 0x00, 0x00, 0x00, 0x00, 0x00, 0x00, 0x00, 0x00, 0x00, 0x00, 0x00,
		0xFF, 0xFF, 0xFF, 0xFF, 0xFF, 0xFF, 0xFF, 0xFF, 0xFF, 0xFF, 0xFF, 0xFF, 0xFF, 0xFF, 0x0F, 0x02,
		0x00, 0x00, 0x00, 0x00, 0x00, 0x04, 0x01, 0x00, 0x00, 0x00, 0xF0, 0xF0, 0xF0, 0xFF, 0x71, 0xDE,
		0xFF, 0xFF, 0x71, 0xDE, 0xFF, 0xFF, 0x8B, 0xA1, 0x50, 0xFF, 0x00, 0x00, 0x00, 0xFF, 0x00, 0x00,
		0x00, 0xFF, 0x00, 0x00, 0x00, 0xFF, 0x00, 0x00, 0x00, 0xFF, 0x00, 0x00, 0x00, 0xFF, 0x00, 0x00,
		0x00, 0x00, 0xF8, 0xFF
	]),
	new Uint8Array([
		0xE7, 0xAF, 0x84, 0xE9, 0xA6, 0xAC, 0xE3, 0x83, 0x8D, 0xE3, 0x82, 0xB3, 0xE6, 0xAC, 0xA1, 0xE9,
		0x83, 0x8E, 0x00, 0x00, 0x00, 0x00, 0x00, 0x00, 0x00, 0x00, 0x00, 0x00, 0x00, 0x00, 0x00, 0x00,
		0x00, 0x00, 0x00, 0x00, 0x00, 0x01, 0x37, 0x05, 0x1D, 0x1A, 0x00, 0x00, 0x00, 0x00, 0x00, 0x00,
		0x00, 0x00, 0x00, 0x00, 0x00, 0x00, 0x00, 0x00, 0x1D, 0x1A, 0x09, 0x01, 0x0D, 0x0F, 0x10, 0x08,
		0x00, 0x00, 0x39, 0x39, 0x39, 0x39, 0x39, 0x39, 0x03, 0x0A, 0x27, 0x32, 0x0E, 0x1D, 0x00, 0x00,
		0x60, 0x60, 0x60, 0x60, 0x06, 0x0A, 0x06, 0x08, 0x00, 0x00, 0x00, 0x00, 0x00, 0x00, 0x00, 0x68,
		0xE2, 0x80, 0xA6, 0xE5, 0x9C, 0xB0, 0xE7, 0x90, 0x83, 0xE4, 0xB8, 0x8A, 0xE6, 0x9C, 0x80, 0xE5,
		0xBC, 0xB7, 0xE7, 0x9A, 0x84, 0xE3, 0x83, 0x8D, 0xE3, 0x82, 0xB3, 0xE2, 0x80, 0xA6, 0x00, 0x00,
		0x00, 0x00, 0x00, 0x00, 0x00, 0x00, 0x00, 0x00, 0x00, 0x00, 0x00, 0x00, 0x00, 0x00, 0x00, 0x00,
		0x00, 0x00, 0x00, 0x00, 0x00, 0x00, 0x00, 0x00, 0x00, 0x00, 0x00, 0x00, 0xE3, 0x83, 0x81, 0xE3,
		0x83, 0xA3, 0xE3, 0x83, 0xB3, 0xE3, 0x83, 0x94, 0xE3, 0x82, 0xAA, 0xE3, 0x83, 0xB3, 0x00, 0x00,
		0x00, 0x00, 0x00, 0x00, 0x00, 0x00, 0x00, 0x00, 0x00, 0x00, 0x00, 0x00, 0x00, 0x00, 0x00, 0x00,
		0x00, 0x00, 0x00, 0x00, 0x00, 0x00, 0x00, 0x00, 0x00, 0x00, 0x00, 0x00, 0x00, 0x00, 0x00, 0x00,
		0x00, 0x00, 0x00, 0x00, 0x00, 0x00, 0x00, 0x00, 0x00, 0x00, 0x00, 0x00, 0x00, 0x00, 0x00, 0x00,
		0x80, 0x05, 0x00, 0x00, 0x00, 0x00, 0x00, 0x00, 0x00, 0x00, 0x00, 0x00, 0x00, 0x00, 0x00, 0x00,
		0x00, 0x00, 0x00, 0x00, 0x00, 0x00, 0x00, 0x00, 0x00, 0x00, 0x00, 0x00, 0x00, 0x00, 0x00, 0x00,
		0xFF, 0xFF, 0xFF, 0xFF, 0xFF, 0xFF, 0xFF, 0xFF, 0xFF, 0xFF, 0xFF, 0xFF, 0xFF, 0xFF, 0x0F, 0x03,
		0x05, 0x00, 0x00, 0x00, 0x02, 0x02, 0x02, 0x00, 0x00, 0x00, 0xB4, 0x1E, 0x1E, 0xFF, 0xEB, 0xF5,
		0xFF, 0xFF, 0xEB, 0xF5, 0xFF, 0xFF, 0x8B, 0xA1, 0x50, 0xFF, 0x00, 0x00, 0x00, 0xFF, 0x00, 0x00,
		0x00, 0xFF, 0x00, 0x00, 0x00, 0xFF, 0x00, 0x00, 0x00, 0xFF, 0x00, 0x00, 0x00, 0xFF, 0x00, 0x00,
		0x00, 0x00, 0xF8, 0xFF
	]),
	new Uint8Array([
		0xE3, 0x82, 0xBE, 0xE3, 0x83, 0xB3, 0xE3, 0x83, 0x93, 0xE3, 0x83, 0xBC, 0xE3, 0x83, 0x8D, 0xE3,
		0x82, 0xB3, 0x00, 0x00, 0x00, 0x00, 0x00, 0x00, 0x00, 0x00, 0x00, 0x00, 0x00, 0x00, 0x00, 0x00,
		0x00, 0x00, 0x00, 0x00, 0x00, 0x06, 0x37, 0x02, 0x25, 0x1B, 0x00, 0x00, 0x00, 0x00, 0x00, 0x00,
		0x00, 0x00, 0x00, 0x00, 0x00, 0x00, 0x00, 0x00, 0x25, 0x1B, 0x09, 0x01, 0x04, 0x16, 0x17, 0x20,
		0x28, 0x2B, 0x00, 0x00, 0x39, 0x39, 0x39, 0x39, 0x2C, 0x16, 0x07, 0x33, 0x19, 0x1B, 0x20, 0x00,
		0x00, 0x60, 0x60, 0x60, 0x01, 0x0C, 0x05, 0x09, 0x00, 0x00, 0x00, 0x00, 0x00, 0x00, 0x00, 0x69,
		0xE3, 0x82, 0xBE, 0xE3, 0x83, 0xB3, 0xE3, 0x83, 0x93, 0xE3, 0x81, 0x8C, 0xE3, 0x82, 0xAA, 0xE3,
		0x83, 0x88, 0xE3, 0x83, 0xA2, 0xE3, 0x81, 0xAB, 0xE3, 0x81, 0xAA, 0xE3, 0x81, 0xA3, 0xE3, 0x81,
		0x9F, 0xE3, 0x82, 0xBE, 0x00, 0x00, 0x00, 0x00, 0x00, 0x00, 0x00, 0x00, 0x00, 0x00, 0x00, 0x00,
		0x00, 0x00, 0x00, 0x00, 0x00, 0x00, 0x00, 0x00, 0x00, 0x00, 0x00, 0x00, 0xE3, 0x82, 0xB3, 0xE3,
		0x83, 0xAD, 0xE3, 0x82, 0xB3, 0xE3, 0x83, 0xAD, 0x00, 0x00, 0x00, 0x00, 0x00, 0x00, 0x00, 0x00,
		0x00, 0x00, 0x00, 0x00, 0x00, 0x00, 0x00, 0x00, 0x00, 0x00, 0x00, 0x00, 0x00, 0x00, 0x00, 0x00,
		0x00, 0x00, 0x00, 0x00, 0x00, 0x00, 0x00, 0x00, 0x00, 0x00, 0x00, 0x00, 0x00, 0x00, 0x00, 0x00,
		0x00, 0x00, 0x00, 0x00, 0x00, 0x00, 0x00, 0x00, 0x00, 0x00, 0x00, 0x00, 0x00, 0x00, 0x00, 0x00,
		0x80, 0x05, 0x00, 0x00, 0x00, 0x00, 0x00, 0x00, 0x00, 0x00, 0x00, 0x00, 0x00, 0x00, 0x00, 0x00,
		0x00, 0x00, 0x00, 0x00, 0x00, 0x00, 0x00, 0x00, 0x00, 0x00, 0x00, 0x00, 0x00, 0x00, 0x00, 0x00,
		0xFF, 0xFF, 0xFF, 0xFF, 0xFF, 0xFF, 0xFF, 0xFF, 0xFF, 0xFF, 0xFF, 0xFF, 0xFF, 0xFF, 0x0F, 0x02,
		0x00, 0x00, 0x00, 0x00, 0x03, 0x03, 0x01, 0x00, 0x00, 0x00, 0x96, 0x7D, 0xE1, 0xFF, 0x37, 0x46,
		0x19, 0xFF, 0x37, 0x46, 0x19, 0xFF, 0x8B, 0xA1, 0x50, 0xFF, 0x00, 0x00, 0x00, 0xFF, 0x00, 0x00,
		0x00, 0xFF, 0x00, 0x00, 0x00, 0xFF, 0x00, 0x00, 0x00, 0xFF, 0x00, 0x00, 0x00, 0xFF, 0x00, 0x00,
		0x00, 0x00, 0xF8, 0xFF
	]),
	new Uint8Array([
		0xE3, 0x81, 0xA7, 0xE3, 0x82, 0x93, 0xE3, 0x81, 0xA2, 0xE3, 0x82, 0x83, 0xE3, 0x82, 0x89, 0xE3,
		0x81, 0x99, 0x00, 0x00, 0x00, 0x00, 0x00, 0x00, 0x00, 0x00, 0x00, 0x00, 0x00, 0x00, 0x00, 0x00,
		0x00, 0x00, 0x00, 0x00, 0x00, 0x00, 0x37, 0x01, 0x1F, 0x00, 0x00, 0x00, 0x00, 0x00, 0x00, 0x00,
		0x00, 0x00, 0x00, 0x00, 0x00, 0x00, 0x00, 0x00, 0x1F, 0x09, 0x01, 0x11, 0x10, 0x0A, 0x20, 0x23,
		0x29, 0x00, 0x00, 0x00, 0x39, 0x39, 0x39, 0x39, 0x2D, 0x26, 0x34, 0x1C, 0x1F, 0x21, 0x2F, 0x00,
		0x00, 0x60, 0x60, 0x60, 0x05, 0x0C, 0x02, 0x09, 0x00, 0x00, 0x00, 0x00, 0x00, 0x00, 0x00, 0x6A,
		0xE4, 0xB8, 0x96, 0xE3, 0x81, 0xAE, 0xE4, 0xB8, 0xAD, 0xE3, 0x81, 0xAE, 0xE5, 0x8D, 0xB1, 0xE9,
		0x99, 0xBA, 0xE3, 0x81, 0x8B, 0xE3, 0x82, 0x89, 0xE7, 0x94, 0x9F, 0xE3, 0x81, 0x8D, 0xE6, 0x8A,
		0x9C, 0xE3, 0x81, 0x8F, 0xE3, 0x83, 0x8B, 0xE3, 0x83, 0xA3, 0x00, 0x00, 0x00, 0x00, 0x00, 0x00,
		0x00, 0x00, 0x00, 0x00, 0x00, 0x00, 0x00, 0x00, 0x00, 0x00, 0x00, 0x00, 0xE3, 0x82, 0xB3, 0xE3,
		0x83, 0xAD, 0xE3, 0x82, 0xB3, 0xE3, 0x83, 0xAD, 0x00, 0x00, 0x00, 0x00, 0x00, 0x00, 0x00, 0x00,
		0x00, 0x00, 0x00, 0x00, 0x00, 0x00, 0x00, 0x00, 0x00, 0x00, 0x00, 0x00, 0x00, 0x00, 0x00, 0x00,
		0x00, 0x00, 0x00, 0x00, 0x00, 0x00, 0x00, 0x00, 0x00, 0x00, 0x00, 0x00, 0x00, 0x00, 0x00, 0x00,
		0x00, 0x00, 0x00, 0x00, 0x00, 0x00, 0x00, 0x00, 0x00, 0x00, 0x00, 0x00, 0x00, 0x00, 0x00, 0x00,
		0x80, 0x05, 0x00, 0x00, 0x00, 0x00, 0x00, 0x00, 0x00, 0x00, 0x00, 0x00, 0x00, 0x00, 0x00, 0x00,
		0x00, 0x00, 0x00, 0x00, 0x00, 0x00, 0x00, 0x00, 0x00, 0x00, 0x00, 0x00, 0x00, 0x00, 0x00, 0x00,
		0xFF, 0xFF, 0xFF, 0xFF, 0xFF, 0xFF, 0xFF, 0xFF, 0xFF, 0xFF, 0xFF, 0xFF, 0xFF, 0xFF, 0x0F, 0x02,
		0x03, 0x00, 0x00, 0x00, 0x05, 0x00, 0x04, 0x00, 0x00, 0x00, 0xFF, 0xCD, 0x9B, 0xFF, 0xEB, 0xF5,
		0xFF, 0xFF, 0xEB, 0xF5, 0xFF, 0xFF, 0x8B, 0xA1, 0x50, 0xFF, 0x00, 0x00, 0x00, 0xFF, 0x00, 0x00,
		0x00, 0xFF, 0x00, 0x00, 0x00, 0xFF, 0x00, 0x00, 0x00, 0xFF, 0x00, 0x00, 0x00, 0xFF, 0x00, 0x00,
		0x00, 0x00, 0xF8, 0xFF
	]),
	new Uint8Array([
		0xE3, 0x81, 0xA8, 0xE3, 0x82, 0x89, 0x00, 0x00, 0x00, 0x00, 0x00, 0x00, 0x00, 0x00, 0x00, 0x00,
		0x00, 0x00, 0x00, 0x00, 0x00, 0x00, 0x00, 0x00, 0x00, 0x00, 0x00, 0x00, 0x00, 0x00, 0x00, 0x00,
		0x00, 0x00, 0x00, 0x00, 0x00, 0x01, 0x37, 0x04, 0x1D, 0x06, 0x00, 0x00, 0x00, 0x00, 0x00, 0x00,
		0x00, 0x00, 0x00, 0x00, 0x00, 0x00, 0x00, 0x00, 0x1D, 0x06, 0x09, 0x01, 0x0F, 0x27, 0x2C, 0x23,
		0x26, 0x00, 0x00, 0x39, 0x39, 0x39, 0x39, 0x39, 0x03, 0x0A, 0x35, 0x02, 0x09, 0x14, 0x00, 0x00,
		0x60, 0x60, 0x60, 0x60, 0x02, 0x0B, 0x03, 0x08, 0x00, 0x00, 0x00, 0x00, 0x00, 0x00, 0x00, 0x6B,
		0xE3, 0x81, 0xA6, 0xE3, 0x82, 0x8A, 0xE3, 0x82, 0x84, 0xE3, 0x81, 0x8D, 0xE3, 0x83, 0x90, 0xE3,
		0x83, 0xBC, 0xE3, 0x82, 0xAC, 0xE3, 0x83, 0xBC, 0xE3, 0x81, 0x8C, 0xE5, 0xA5, 0xBD, 0xE7, 0x89,
		0xA9, 0xE3, 0x83, 0x8B, 0xE3, 0x83, 0xA3, 0x00, 0x00, 0x00, 0x00, 0x00, 0x00, 0x00, 0x00, 0x00,
		0x00, 0x00, 0x00, 0x00, 0x00, 0x00, 0x00, 0x00, 0x00, 0x00, 0x00, 0x00, 0xE3, 0x82, 0xB5, 0xE3,
		0x83, 0xB3, 0xE3, 0x83, 0x87, 0xE3, 0x83, 0xBC, 0x00, 0x00, 0x00, 0x00, 0x00, 0x00, 0x00, 0x00,
		0x00, 0x00, 0x00, 0x00, 0x00, 0x00, 0x00, 0x00, 0x00, 0x00, 0x00, 0x00, 0x00, 0x00, 0x00, 0x00,
		0x00, 0x00, 0x00, 0x00, 0x00, 0x00, 0x00, 0x00, 0x00, 0x00, 0x00, 0x00, 0x00, 0x00, 0x00, 0x00,
		0x00, 0x00, 0x00, 0x00, 0x00, 0x00, 0x00, 0x00, 0x00, 0x00, 0x00, 0x00, 0x00, 0x00, 0x00, 0x00,
		0x80, 0x05, 0x00, 0x00, 0x00, 0x00, 0x00, 0x00, 0x00, 0x00, 0x00, 0x00, 0x00, 0x00, 0x00, 0x00,
		0x00, 0x00, 0x00, 0x00, 0x00, 0x00, 0x00, 0x00, 0x00, 0x00, 0x00, 0x00, 0x00, 0x00, 0x00, 0x00,
		0xFF, 0xFF, 0xFF, 0xFF, 0xFF, 0xFF, 0xFF, 0xFF, 0xFF, 0xFF, 0xFF, 0xFF, 0xFF, 0xFF, 0x0F, 0x03,
		0x02, 0x00, 0x00, 0x00, 0x02, 0x01, 0x02, 0x00, 0x00, 0x00, 0xE1, 0xAA, 0x00, 0xFF, 0xEB, 0xF5,
		0xFF, 0xFF, 0xEB, 0xF5, 0xFF, 0xFF, 0x8B, 0xA1, 0x50, 0xFF, 0x00, 0x00, 0x00, 0xFF, 0x00, 0x00,
		0x00, 0xFF, 0x00, 0x00, 0x00, 0xFF, 0x00, 0x00, 0x00, 0xFF, 0x00, 0x00, 0x00, 0xFF, 0x00, 0x00,
		0x00, 0x00, 0xF8, 0xFF
	]),
	new Uint8Array([
		0xE3, 0x83, 0xA2, 0xE3, 0x83, 0xAB, 0xE3, 0x82, 0xB8, 0xE3, 0x82, 0xA2, 0xE3, 0x83, 0x8B, 0xE3,
		0x83, 0xA3, 0x00, 0x00, 0x00, 0x00, 0x00, 0x00, 0x00, 0x00, 0x00, 0x00, 0x00, 0x00, 0x00, 0x00,
		0x00, 0x00, 0x00, 0x00, 0x00, 0x01, 0x37, 0x04, 0x1D, 0x06, 0x00, 0x00, 0x00, 0x00, 0x00, 0x00,
		0x00, 0x00, 0x00, 0x00, 0x00, 0x00, 0x00, 0x00, 0x1D, 0x06, 0x09, 0x01, 0x1C, 0x27, 0x08, 0x28,
		0x2A, 0x2B, 0x00, 0x00, 0x39, 0x39, 0x39, 0x39, 0x03, 0x0A, 0x15, 0x36, 0x0F, 0x1B, 0x1D, 0x00,
		0x00, 0x60, 0x60, 0x60, 0x01, 0x0C, 0x05, 0x09, 0x00, 0x00, 0x00, 0x00, 0x00, 0x00, 0x00, 0x6C,
		0xE3, 0x81, 0x93, 0xE3, 0x81, 0x86, 0xE8, 0xA6, 0x8B, 0xE3, 0x81, 0x88, 0xE3, 0x81, 0xA6, 0xE3,
		0x81, 0xA8, 0xE3, 0x81, 0xA3, 0xE3, 0x81, 0xA6, 0xE3, 0x82, 0x82, 0xE5, 0xBC, 0xB7, 0xE3, 0x81,
		0x84, 0xE3, 0x83, 0x8B, 0xE3, 0x83, 0xA3, 0x00, 0x00, 0x00, 0x00, 0x00, 0x00, 0x00, 0x00, 0x00,
		0x00, 0x00, 0x00, 0x00, 0x00, 0x00, 0x00, 0x00, 0x00, 0x00, 0x00, 0x00, 0xE3, 0x82, 0xB5, 0xE3,
		0x83, 0xB3, 0xE3, 0x83, 0x87, 0xE3, 0x83, 0xBC, 0x00, 0x00, 0x00, 0x00, 0x00, 0x00, 0x00, 0x00,
		0x00, 0x00, 0x00, 0x00, 0x00, 0x00, 0x00, 0x00, 0x00, 0x00, 0x00, 0x00, 0x00, 0x00, 0x00, 0x00,
		0x00, 0x00, 0x00, 0x00, 0x00, 0x00, 0x00, 0x00, 0x00, 0x00, 0x00, 0x00, 0x00, 0x00, 0x00, 0x00,
		0x00, 0x00, 0x00, 0x00, 0x00, 0x00, 0x00, 0x00, 0x00, 0x00, 0x00, 0x00, 0x00, 0x00, 0x00, 0x00,
		0x80, 0x05, 0x00, 0x00, 0x00, 0x00, 0x00, 0x00, 0x00, 0x00, 0x00, 0x00, 0x00, 0x00, 0x00, 0x00,
		0x00, 0x00, 0x00, 0x00, 0x00, 0x00, 0x00, 0x00, 0x00, 0x00, 0x00, 0x00, 0x00, 0x00, 0x00, 0x00,
		0xFF, 0xFF, 0xFF, 0xFF, 0xFF, 0xFF, 0xFF, 0xFF, 0xFF, 0xFF, 0xFF, 0xFF, 0xFF, 0xFF, 0x0F, 0x01,
		0x01, 0x00, 0x00, 0x00, 0x03, 0x00, 0x03, 0x00, 0x00, 0x00, 0xFF, 0x64, 0x9B, 0xFF, 0xE6, 0xA0,
		0xA0, 0xFF, 0xE6, 0xA0, 0xA0, 0xFF, 0x8B, 0xA1, 0x50, 0xFF, 0x00, 0x00, 0x00, 0xFF, 0x00, 0x00,
		0x00, 0xFF, 0x00, 0x00, 0x00, 0xFF, 0x00, 0x00, 0x00, 0xFF, 0x00, 0x00, 0x00, 0xFF, 0x00, 0x00,
		0x00, 0x00, 0xF8, 0xFF
	]),
	new Uint8Array([
		0xE3, 0x83, 0x8F, 0xE3, 0x83, 0x83, 0xE3, 0x83, 0x94, 0xE3, 0x83, 0xBC, 0x00, 0x00, 0x00, 0x00,
		0x00, 0x00, 0x00, 0x00, 0x00, 0x00, 0x00, 0x00, 0x00, 0x00, 0x00, 0x00, 0x00, 0x00, 0x00, 0x00,
		0x00, 0x00, 0x00, 0x00, 0x00, 0x03, 0x37, 0x03, 0x14, 0x05, 0x00, 0x00, 0x00, 0x00, 0x00, 0x00,
		0x00, 0x00, 0x00, 0x00, 0x00, 0x00, 0x00, 0x00, 0x14, 0x05, 0x09, 0x01, 0x02, 0x04, 0x21, 0x17,
		0x00, 0x00, 0x39, 0x39, 0x39, 0x39, 0x39, 0x39, 0x29, 0x2B, 0x37, 0x14, 0x28, 0x1A, 0x1E, 0x00,
		0x00, 0x60, 0x60, 0x60, 0x06, 0x0A, 0x02, 0x09, 0x00, 0x00, 0x00, 0x00, 0x00, 0x00, 0x00, 0x6D,
		0xE3, 0x81, 0x82, 0xE3, 0x81, 0x84, 0xEF, 0xBC, 0x81, 0x00, 0x00, 0x00, 0x00, 0x00, 0x00, 0x00,
		0x00, 0x00, 0x00, 0x00, 0x00, 0x00, 0x00, 0x00, 0x00, 0x00, 0x00, 0x00, 0x00, 0x00, 0x00, 0x00,
		0x00, 0x00, 0x00, 0x00, 0x00, 0x00, 0x00, 0x00, 0x00, 0x00, 0x00, 0x00, 0x00, 0x00, 0x00, 0x00,
		0x00, 0x00, 0x00, 0x00, 0x00, 0x00, 0x00, 0x00, 0x00, 0x00, 0x00, 0x00, 0xE3, 0x83, 0x9E, 0xE3,
		0x82, 0xAC, 0xE3, 0x82, 0xB8, 0xE3, 0x83, 0xB3, 0x00, 0x00, 0x00, 0x00, 0x00, 0x00, 0x00, 0x00,
		0x00, 0x00, 0x00, 0x00, 0x00, 0x00, 0x00, 0x00, 0x00, 0x00, 0x00, 0x00, 0x00, 0x00, 0x00, 0x00,
		0x00, 0x00, 0x00, 0x00, 0x00, 0x00, 0x00, 0x00, 0x00, 0x00, 0x00, 0x00, 0x00, 0x00, 0x00, 0x00,
		0x00, 0x00, 0x00, 0x00, 0x00, 0x00, 0x00, 0x00, 0x00, 0x00, 0x00, 0x00, 0x00, 0x00, 0x00, 0x00,
		0x80, 0x05, 0x00, 0x00, 0x00, 0x00, 0x00, 0x00, 0x00, 0x00, 0x00, 0x00, 0x00, 0x00, 0x00, 0x00,
		0x00, 0x00, 0x00, 0x00, 0x00, 0x00, 0x00, 0x00, 0x00, 0x00, 0x00, 0x00, 0x00, 0x00, 0x00, 0x00,
		0xFF, 0xFF, 0xFF, 0xFF, 0xFF, 0xFF, 0xFF, 0xFF, 0xFF, 0xFF, 0xFF, 0xFF, 0xFF, 0xFF, 0x0F, 0x02,
		0x00, 0x00, 0x00, 0x00, 0x03, 0x00, 0x00, 0x00, 0x00, 0x00, 0x6E, 0xA0, 0xFF, 0xFF, 0xEB, 0xF5,
		0xFF, 0xFF, 0xEB, 0xF5, 0xFF, 0xFF, 0x8B, 0xA1, 0x50, 0xFF, 0x00, 0x00, 0x00, 0xFF, 0x00, 0x00,
		0x00, 0xFF, 0x00, 0x00, 0x00, 0xFF, 0x00, 0x00, 0x00, 0xFF, 0x00, 0x00, 0x00, 0xFF, 0x00, 0x00,
		0x00, 0x00, 0xF8, 0xFF
	]),
	new Uint8Array([
		0xE3, 0x83, 0x8D, 0xE3, 0x83, 0x83, 0xE3, 0x82, 0xAD, 0xE3, 0x83, 0xBC, 0x00, 0x00, 0x00, 0x00,
		0x00, 0x00, 0x00, 0x00, 0x00, 0x00, 0x00, 0x00, 0x00, 0x00, 0x00, 0x00, 0x00, 0x00, 0x00, 0x00,
		0x00, 0x00, 0x00, 0x00, 0x00, 0x03, 0x37, 0x03, 0x14, 0x18, 0x00, 0x00, 0x00, 0x00, 0x00, 0x00,
		0x00, 0x00, 0x00, 0x00, 0x00, 0x00, 0x00, 0x00, 0x14, 0x18, 0x09, 0x01, 0x12, 0x15, 0x21, 0x19,
		0x00, 0x00, 0x39, 0x39, 0x39, 0x39, 0x39, 0x39, 0x29, 0x2B, 0x17, 0x46, 0x14, 0x20, 0x00, 0x00,
		0x60, 0x60, 0x60, 0x60, 0x06, 0x0A, 0x06, 0x08, 0x00, 0x00, 0x00, 0x00, 0x00, 0x00, 0x00, 0x6E,
		0xE3, 0x83, 0x95, 0xE3, 0x82, 0xA1, 0xE3, 0x83, 0x9F, 0xE9, 0x80, 0x9A, 0xE3, 0x81, 0xAF, 0xE6,
		0xAF, 0x8E, 0xE9, 0x80, 0xB1, 0xE6, 0x9C, 0xA8, 0xE6, 0x9B, 0x9C, 0xE7, 0x99, 0xBA, 0xE5, 0xA3,
		0xB2, 0xE3, 0x83, 0x8B, 0xE3, 0x83, 0xA3, 0xEF, 0xBC, 0x81, 0x00, 0x00, 0x00, 0x00, 0x00, 0x00,
		0x00, 0x00, 0x00, 0x00, 0x00, 0x00, 0x00, 0x00, 0x00, 0x00, 0x00, 0x00, 0xE3, 0x83, 0x95, 0xE3,
		0x82, 0xA1, 0xE3, 0x83, 0x9F, 0xE9, 0x80, 0x9A, 0x00, 0x00, 0x00, 0x00, 0x00, 0x00, 0x00, 0x00,
		0x00, 0x00, 0x00, 0x00, 0x00, 0x00, 0x00, 0x00, 0x00, 0x00, 0x00, 0x00, 0x00, 0x00, 0x00, 0x00,
		0x00, 0x00, 0x00, 0x00, 0x00, 0x00, 0x00, 0x00, 0x00, 0x00, 0x00, 0x00, 0x00, 0x00, 0x00, 0x00,
		0x00, 0x00, 0x00, 0x00, 0x00, 0x00, 0x00, 0x00, 0x00, 0x00, 0x00, 0x00, 0x00, 0x00, 0x00, 0x00,
		0x80, 0x05, 0x00, 0x00, 0x00, 0x00, 0x00, 0x00, 0x00, 0x00, 0x00, 0x00, 0x00, 0x00, 0x00, 0x00,
		0x00, 0x00, 0x00, 0x00, 0x00, 0x00, 0x00, 0x00, 0x00, 0x00, 0x00, 0x00, 0x00, 0x00, 0x00, 0x00,
		0xFF, 0xFF, 0xFF, 0xFF, 0xFF, 0xFF, 0xFF, 0xFF, 0xFF, 0xFF, 0xFF, 0xFF, 0xFF, 0xFF, 0x0F, 0x02,
		0x00, 0x00, 0x00, 0x00, 0x04, 0x03, 0x03, 0x00, 0x00, 0x00, 0xEB, 0xB4, 0x2D, 0xFF, 0x73, 0xC8,
		0x76, 0xFF, 0x73, 0xC8, 0x76, 0xFF, 0x8B, 0xA1, 0x50, 0xFF, 0x00, 0x00, 0x00, 0xFF, 0x00, 0x00,
		0x00, 0xFF, 0x00, 0x00, 0x00, 0xFF, 0x00, 0x00, 0x00, 0xFF, 0x00, 0x00, 0x00, 0xFF, 0x00, 0x00,
		0x00, 0x00, 0xF8, 0xFF
	]),
	new Uint8Array([
		0xE3, 0x83, 0x9D, 0xE3, 0x83, 0xAA, 0xE3, 0x82, 0xBF, 0xE3, 0x83, 0xB3, 0x00, 0x00, 0x00, 0x00,
		0x00, 0x00, 0x00, 0x00, 0x00, 0x00, 0x00, 0x00, 0x00, 0x00, 0x00, 0x00, 0x00, 0x00, 0x00, 0x00,
		0x00, 0x00, 0x00, 0x00, 0x00, 0x02, 0x37, 0x04, 0x1E, 0x07, 0x00, 0x00, 0x00, 0x00, 0x00, 0x00,
		0x00, 0x00, 0x00, 0x00, 0x00, 0x00, 0x00, 0x00, 0x1E, 0x07, 0x09, 0x01, 0x13, 0x0F, 0x0E, 0x23,
		0x28, 0x00, 0x00, 0x39, 0x39, 0x39, 0x39, 0x39, 0x10, 0x12, 0x4A, 0x1C, 0x1F, 0x1B, 0x1D, 0x00,
		0x00, 0x60, 0x60, 0x60, 0x05, 0x0B, 0x02, 0x09, 0x00, 0x00, 0x00, 0x00, 0x00, 0x00, 0x00, 0x6F,
		0xE3, 0x82, 0xB2, 0xE3, 0x83, 0xBC, 0xE3, 0x83, 0xA0, 0xE6, 0x83, 0x85, 0xE5, 0xA0, 0xB1, 0xE3,
		0x81, 0xAA, 0xE3, 0x82, 0x89, 0xE9, 0x9B, 0xBB, 0xE6, 0x92, 0x83, 0xE3, 0x83, 0x8B, 0xE3, 0x83,
		0xA3, 0x00, 0x00, 0x00, 0x00, 0x00, 0x00, 0x00, 0x00, 0x00, 0x00, 0x00, 0x00, 0x00, 0x00, 0x00,
		0x00, 0x00, 0x00, 0x00, 0x00, 0x00, 0x00, 0x00, 0x00, 0x00, 0x00, 0x00, 0xE9, 0x9B, 0xBB, 0xE6,
		0x92, 0x83, 0x00, 0x00, 0x00, 0x00, 0x00, 0x00, 0x00, 0x00, 0x00, 0x00, 0x00, 0x00, 0x00, 0x00,
		0x00, 0x00, 0x00, 0x00, 0x00, 0x00, 0x00, 0x00, 0x00, 0x00, 0x00, 0x00, 0x00, 0x00, 0x00, 0x00,
		0x00, 0x00, 0x00, 0x00, 0x00, 0x00, 0x00, 0x00, 0x00, 0x00, 0x00, 0x00, 0x00, 0x00, 0x00, 0x00,
		0x00, 0x00, 0x00, 0x00, 0x00, 0x00, 0x00, 0x00, 0x00, 0x00, 0x00, 0x00, 0x00, 0x00, 0x00, 0x00,
		0x80, 0x05, 0x00, 0x00, 0x00, 0x00, 0x00, 0x00, 0x00, 0x00, 0x00, 0x00, 0x00, 0x00, 0x00, 0x00,
		0x00, 0x00, 0x00, 0x00, 0x00, 0x00, 0x00, 0x00, 0x00, 0x00, 0x00, 0x00, 0x00, 0x00, 0x00, 0x00,
		0xFF, 0xFF, 0xFF, 0xFF, 0xFF, 0xFF, 0xFF, 0xFF, 0xFF, 0xFF, 0xFF, 0xFF, 0xFF, 0xFF, 0x0F, 0x02,
		0x04, 0x00, 0x00, 0x00, 0x03, 0x04, 0x01, 0x00, 0x00, 0x00, 0xFF, 0xFF, 0x00, 0xFF, 0xEB, 0xF5,
		0xFF, 0xFF, 0xEB, 0xF5, 0xFF, 0xFF, 0x8B, 0xA1, 0x50, 0xFF, 0x00, 0x00, 0x00, 0xFF, 0x00, 0x00,
		0x00, 0xFF, 0x00, 0x00, 0x00, 0xFF, 0x00, 0x00, 0x00, 0xFF, 0x00, 0x00, 0x00, 0xFF, 0x00, 0x00,
		0x00, 0x00, 0xF8, 0xFF
	]),
	new Uint8Array([
		0xE3, 0x83, 0x8B, 0xE3, 0x83, 0xA3, 0xE3, 0x83, 0xB3, 0xE3, 0x83, 0x9C, 0xE3, 0x83, 0xBC, 0x00,
		0x00, 0x00, 0x00, 0x00, 0x00, 0x00, 0x00, 0x00, 0x00, 0x00, 0x00, 0x00, 0x00, 0x00, 0x00, 0x00,
		0x00, 0x00, 0x00, 0x00, 0x00, 0x02, 0x37, 0x01, 0x1E, 0x18, 0x00, 0x00, 0x00, 0x00, 0x00, 0x00,
		0x00, 0x00, 0x00, 0x00, 0x00, 0x00, 0x00, 0x00, 0x1E, 0x18, 0x09, 0x01, 0x04, 0x0F, 0x15, 0x22,
		0x23, 0x00, 0x00, 0x39, 0x39, 0x39, 0x39, 0x39, 0x10, 0x12, 0x39, 0x28, 0x19, 0x21, 0x22, 0x25,
		0x00, 0x00, 0x60, 0x60, 0x02, 0x0B, 0x01, 0x0A, 0x00, 0x00, 0x00, 0x00, 0x00, 0x00, 0x00, 0x70,
		0xE7, 0xA7, 0x81, 0xE3, 0x81, 0xAF, 0xE2, 0x80, 0xA6, 0xE3, 0x83, 0x8B, 0xE3, 0x83, 0xA3, 0xE3,
		0x83, 0xB3, 0xE3, 0x83, 0x9C, 0xE3, 0x83, 0xBC, 0xE3, 0x80, 0x82, 0x00, 0x00, 0x00, 0x00, 0x00,
		0x00, 0x00, 0x00, 0x00, 0x00, 0x00, 0x00, 0x00, 0x00, 0x00, 0x00, 0x00, 0x00, 0x00, 0x00, 0x00,
		0x00, 0x00, 0x00, 0x00, 0x00, 0x00, 0x00, 0x00, 0x00, 0x00, 0x00, 0x00, 0xE3, 0x83, 0x80, 0xE3,
		0x83, 0xB3, 0xE3, 0x83, 0x9C, 0xE3, 0x83, 0xBC, 0x00, 0x00, 0x00, 0x00, 0x00, 0x00, 0x00, 0x00,
		0x00, 0x00, 0x00, 0x00, 0x00, 0x00, 0x00, 0x00, 0x00, 0x00, 0x00, 0x00, 0x00, 0x00, 0x00, 0x00,
		0x00, 0x00, 0x00, 0x00, 0x00, 0x00, 0x00, 0x00, 0x00, 0x00, 0x00, 0x00, 0x00, 0x00, 0x00, 0x00,
		0x00, 0x00, 0x00, 0x00, 0x00, 0x00, 0x00, 0x00, 0x00, 0x00, 0x00, 0x00, 0x00, 0x00, 0x00, 0x00,
		0x80, 0x05, 0x00, 0x00, 0x00, 0x00, 0x00, 0x00, 0x00, 0x00, 0x00, 0x00, 0x00, 0x00, 0x00, 0x00,
		0x00, 0x00, 0x00, 0x00, 0x00, 0x00, 0x00, 0x00, 0x00, 0x00, 0x00, 0x00, 0x00, 0x00, 0x00, 0x00,
		0xFF, 0xFF, 0xFF, 0xFF, 0xFF, 0xFF, 0xFF, 0xFF, 0xFF, 0xFF, 0xFF, 0xFF, 0xFF, 0xFF, 0x0F, 0x03,
		0x00, 0x00, 0x00, 0x00, 0x03, 0x04, 0x01, 0x00, 0x00, 0x00, 0x91, 0x5A, 0x28, 0xFF, 0xEB, 0xD2,
		0x00, 0xFF, 0xEB, 0xD2, 0x00, 0xFF, 0x8B, 0xA1, 0x50, 0xFF, 0x00, 0x00, 0x00, 0xFF, 0x00, 0x00,
		0x00, 0xFF, 0x00, 0x00, 0x00, 0xFF, 0x00, 0x00, 0x00, 0xFF, 0x00, 0x00, 0x00, 0xFF, 0x00, 0x00,
		0x00, 0x00, 0xF8, 0xFF
	]),
	new Uint8Array([
		0xE3, 0x83, 0xA2, 0xE3, 0x83, 0xB3, 0xE3, 0x82, 0xAF, 0xE3, 0x83, 0xAD, 0x00, 0x00, 0x00, 0x00,
		0x00, 0x00, 0x00, 0x00, 0x00, 0x00, 0x00, 0x00, 0x00, 0x00, 0x00, 0x00, 0x00, 0x00, 0x00, 0x00,
		0x00, 0x00, 0x00, 0x00, 0x00, 0x00, 0x37, 0x03, 0x1F, 0x00, 0x00, 0x00, 0x00, 0x00, 0x00, 0x00,
		0x00, 0x00, 0x00, 0x00, 0x00, 0x00, 0x00, 0x00, 0x1F, 0x09, 0x01, 0x13, 0x04, 0x16, 0x0E, 0x17,
		0x00, 0x00, 0x00, 0x39, 0x39, 0x39, 0x39, 0x39, 0x2D, 0x26, 0x13, 0x3A, 0x19, 0x1A, 0x21, 0x00,
		0x00, 0x60, 0x60, 0x60, 0x06, 0x0B, 0x05, 0x09, 0x00, 0x00, 0x00, 0x00, 0x00, 0x00, 0x00, 0x71,
		0xE7, 0x8B, 0xA9, 0xE3, 0x82, 0x8A, 0xE3, 0x82, 0x82, 0xE3, 0x81, 0x8A, 0xE3, 0x81, 0x97, 0xE3,
		0x82, 0x83, 0xE3, 0x82, 0x8C, 0xE3, 0x82, 0x82, 0xE6, 0x9C, 0xAC, 0xE6, 0xB0, 0x97, 0xE3, 0x81,
		0xA0, 0xE3, 0x83, 0x8B, 0xE3, 0x83, 0xA3, 0x00, 0x00, 0x00, 0x00, 0x00, 0x00, 0x00, 0x00, 0x00,
		0x00, 0x00, 0x00, 0x00, 0x00, 0x00, 0x00, 0x00, 0x00, 0x00, 0x00, 0x00, 0xEF, 0xBC, 0xB5, 0xEF,
		0xBC, 0xAE, 0xEF, 0xBC, 0xA9, 0xEF, 0xBC, 0xB1, 0xEF, 0xBC, 0xAC, 0xEF, 0xBC, 0xAF, 0x00, 0x00,
		0x00, 0x00, 0x00, 0x00, 0x00, 0x00, 0x00, 0x00, 0x00, 0x00, 0x00, 0x00, 0x00, 0x00, 0x00, 0x00,
		0x00, 0x00, 0x00, 0x00, 0x00, 0x00, 0x00, 0x00, 0x00, 0x00, 0x00, 0x00, 0x00, 0x00, 0x00, 0x00,
		0x00, 0x00, 0x00, 0x00, 0x00, 0x00, 0x00, 0x00, 0x00, 0x00, 0x00, 0x00, 0x00, 0x00, 0x00, 0x00,
		0x80, 0x05, 0x00, 0x00, 0x00, 0x00, 0x00, 0x00, 0x00, 0x00, 0x00, 0x00, 0x00, 0x00, 0x00, 0x00,
		0x00, 0x00, 0x00, 0x00, 0x00, 0x00, 0x00, 0x00, 0x00, 0x00, 0x00, 0x00, 0x00, 0x00, 0x00, 0x00,
		0xFF, 0xFF, 0xFF, 0xFF, 0xFF, 0xFF, 0xFF, 0xFF, 0xFF, 0xFF, 0xFF, 0xFF, 0xFF, 0xFF, 0x0F, 0x01,
		0x03, 0x00, 0x00, 0x00, 0x01, 0x01, 0x02, 0x00, 0x00, 0x00, 0xFA, 0x32, 0x32, 0xFF, 0xEB, 0xF5,
		0xFF, 0xFF, 0xEB, 0xF5, 0xFF, 0xFF, 0x8B, 0xA1, 0x50, 0xFF, 0x00, 0x00, 0x00, 0xFF, 0x00, 0x00,
		0x00, 0xFF, 0x00, 0x00, 0x00, 0xFF, 0x00, 0x00, 0x00, 0xFF, 0x00, 0x00, 0x00, 0xFF, 0x00, 0x00,
		0x00, 0x00, 0xF8, 0xFF
	]),
	new Uint8Array([
		0xE3, 0x83, 0xA6, 0xE3, 0x83, 0x8B, 0xE3, 0x83, 0x90, 0xE3, 0x83, 0xBC, 0x00, 0x00, 0x00, 0x00,
		0x00, 0x00, 0x00, 0x00, 0x00, 0x00, 0x00, 0x00, 0x00, 0x00, 0x00, 0x00, 0x00, 0x00, 0x00, 0x00,
		0x00, 0x00, 0x00, 0x00, 0x00, 0x04, 0x37, 0x03, 0x03, 0x05, 0x00, 0x00, 0x00, 0x00, 0x00, 0x00,
		0x00, 0x00, 0x00, 0x00, 0x00, 0x00, 0x00, 0x00, 0x03, 0x05, 0x09, 0x01, 0x2D, 0x15, 0x08, 0x2A,
		0x2B, 0x00, 0x00, 0x39, 0x39, 0x39, 0x39, 0x39, 0x05, 0x2E, 0x0D, 0x3B, 0x1D, 0x23, 0x2A, 0x00,
		0x00, 0x60, 0x60, 0x60, 0x05, 0x0B, 0x05, 0x09, 0x00, 0x00, 0x00, 0x00, 0x00, 0x00, 0x00, 0x72,
		0xE3, 0x83, 0x91, 0xE3, 0x83, 0xBC, 0xE3, 0x82, 0xAF, 0xE3, 0x81, 0xA7, 0xE4, 0xB8, 0x80, 0xE7,
		0x8B, 0xA9, 0xE3, 0x82, 0x8A, 0xE3, 0x82, 0x92, 0xE6, 0xA5, 0xBD, 0xE3, 0x81, 0x97, 0xE3, 0x82,
		0x80, 0xE3, 0x83, 0x8B, 0xE3, 0x83, 0xA3, 0x00, 0x00, 0x00, 0x00, 0x00, 0x00, 0x00, 0x00, 0x00,
		0x00, 0x00, 0x00, 0x00, 0x00, 0x00, 0x00, 0x00, 0x00, 0x00, 0x00, 0x00, 0xEF, 0xBC, 0xB5, 0xEF,
		0xBC, 0xB3, 0xEF, 0xBC, 0xAA, 0x00, 0x00, 0x00, 0x00, 0x00, 0x00, 0x00, 0x00, 0x00, 0x00, 0x00,
		0x00, 0x00, 0x00, 0x00, 0x00, 0x00, 0x00, 0x00, 0x00, 0x00, 0x00, 0x00, 0x00, 0x00, 0x00, 0x00,
		0x00, 0x00, 0x00, 0x00, 0x00, 0x00, 0x00, 0x00, 0x00, 0x00, 0x00, 0x00, 0x00, 0x00, 0x00, 0x00,
		0x00, 0x00, 0x00, 0x00, 0x00, 0x00, 0x00, 0x00, 0x00, 0x00, 0x00, 0x00, 0x00, 0x00, 0x00, 0x00,
		0x80, 0x05, 0x00, 0x00, 0x00, 0x00, 0x00, 0x00, 0x00, 0x00, 0x00, 0x00, 0x00, 0x00, 0x00, 0x00,
		0x00, 0x00, 0x00, 0x00, 0x00, 0x00, 0x00, 0x00, 0x00, 0x00, 0x00, 0x00, 0x00, 0x00, 0x00, 0x00,
		0xFF, 0xFF, 0xFF, 0xFF, 0xFF, 0xFF, 0xFF, 0xFF, 0xFF, 0xFF, 0xFF, 0xFF, 0xFF, 0xFF, 0x0F, 0x01,
		0x01, 0x00, 0x00, 0x00, 0x02, 0x00, 0x02, 0x00, 0x00, 0x00, 0xAD, 0xB7, 0xFF, 0xFF, 0x73, 0xC8,
		0x76, 0xFF, 0x73, 0xC8, 0x76, 0xFF, 0x8B, 0xA1, 0x50, 0xFF, 0x00, 0x00, 0x00, 0xFF, 0x00, 0x00,
		0x00, 0xFF, 0x00, 0x00, 0x00, 0xFF, 0x00, 0x00, 0x00, 0xFF, 0x00, 0x00, 0x00, 0xFF, 0x00, 0x00,
		0x00, 0x00, 0xF8, 0xFF
	]),
	new Uint8Array([
		0xEF, 0xBC, 0xAB, 0xEF, 0xBC, 0xA9, 0xEF, 0xBC, 0xB2, 0xEF, 0xBC, 0xA9, 0xEF, 0xBC, 0xAD, 0xEF,
		0xBC, 0xA9, 0x00, 0x00, 0x00, 0x00, 0x00, 0x00, 0x00, 0x00, 0x00, 0x00, 0x00, 0x00, 0x00, 0x00,
		0x00, 0x00, 0x00, 0x00, 0x00, 0x04, 0x37, 0x01, 0x03, 0x07, 0x00, 0x00, 0x00, 0x00, 0x00, 0x00,
		0x00, 0x00, 0x00, 0x00, 0x00, 0x00, 0x00, 0x00, 0x03, 0x07, 0x09, 0x01, 0x04, 0x0B, 0x10, 0x0A,
		0x17, 0x00, 0x00, 0x39, 0x39, 0x39, 0x39, 0x39, 0x05, 0x2E, 0x17, 0x3C, 0x06, 0x19, 0x00, 0x00,
		0x60, 0x60, 0x60, 0x60, 0x02, 0x0B, 0x06, 0x08, 0x00, 0x00, 0x00, 0x00, 0x00, 0x00, 0x00, 0x73,
		0xE3, 0x83, 0xA9, 0xE3, 0x83, 0x96, 0xEF, 0xBC, 0x81, 0xE3, 0x82, 0xB5, 0xE3, 0x83, 0xBC, 0xE3,
		0x83, 0xA2, 0xE3, 0x83, 0xB3, 0xEF, 0xBC, 0x81, 0xE3, 0x83, 0x8B, 0xE3, 0x83, 0xA3, 0x00, 0x00,
		0x00, 0x00, 0x00, 0x00, 0x00, 0x00, 0x00, 0x00, 0x00, 0x00, 0x00, 0x00, 0x00, 0x00, 0x00, 0x00,
		0x00, 0x00, 0x00, 0x00, 0x00, 0x00, 0x00, 0x00, 0x00, 0x00, 0x00, 0x00, 0xE3, 0x82, 0xB5, 0xE3,
		0x83, 0xB3, 0xE3, 0x83, 0xAA, 0xE3, 0x82, 0xAA, 0x00, 0x00, 0x00, 0x00, 0x00, 0x00, 0x00, 0x00,
		0x00, 0x00, 0x00, 0x00, 0x00, 0x00, 0x00, 0x00, 0x00, 0x00, 0x00, 0x00, 0x00, 0x00, 0x00, 0x00,
		0x00, 0x00, 0x00, 0x00, 0x00, 0x00, 0x00, 0x00, 0x00, 0x00, 0x00, 0x00, 0x00, 0x00, 0x00, 0x00,
		0x00, 0x00, 0x00, 0x00, 0x00, 0x00, 0x00, 0x00, 0x00, 0x00, 0x00, 0x00, 0x00, 0x00, 0x00, 0x00,
		0x80, 0x05, 0x00, 0x00, 0x00, 0x00, 0x00, 0x00, 0x00, 0x00, 0x00, 0x00, 0x00, 0x00, 0x00, 0x00,
		0x00, 0x00, 0x00, 0x00, 0x00, 0x00, 0x00, 0x00, 0x00, 0x00, 0x00, 0x00, 0x00, 0x00, 0x00, 0x00,
		0xFF, 0xFF, 0xFF, 0xFF, 0xFF, 0xFF, 0xFF, 0xFF, 0xFF, 0xFF, 0xFF, 0xFF, 0xFF, 0xFF, 0x0F, 0x02,
		0x03, 0x00, 0x00, 0x00, 0x00, 0x01, 0x00, 0x00, 0x00, 0x00, 0xFA, 0x8C, 0x8C, 0xFF, 0x46, 0x46,
		0x46, 0xFF, 0x46, 0x46, 0x46, 0xFF, 0x8B, 0xA1, 0x50, 0xFF, 0x00, 0x00, 0x00, 0xFF, 0x00, 0x00,
		0x00, 0xFF, 0x00, 0x00, 0x00, 0xFF, 0x00, 0x00, 0x00, 0xFF, 0x00, 0x00, 0x00, 0xFF, 0x00, 0x00,
		0x00, 0x00, 0xF8, 0xFF
	]),
	new Uint8Array([
		0xE3, 0x81, 0x90, 0xE3, 0x81, 0xA7, 0xE3, 0x83, 0x8D, 0xE3, 0x82, 0xB3, 0x00, 0x00, 0x00, 0x00,
		0x00, 0x00, 0x00, 0x00, 0x00, 0x00, 0x00, 0x00, 0x00, 0x00, 0x00, 0x00, 0x00, 0x00, 0x00, 0x00,
		0x00, 0x00, 0x00, 0x00, 0x00, 0x02, 0x37, 0x01, 0x1E, 0x18, 0x00, 0x00, 0x00, 0x00, 0x00, 0x00,
		0x00, 0x00, 0x00, 0x00, 0x00, 0x00, 0x00, 0x00, 0x1E, 0x18, 0x09, 0x01, 0x0F, 0x10, 0x08, 0x20,
		0x28, 0x2A, 0x00, 0x00, 0x39, 0x39, 0x39, 0x39, 0x10, 0x12, 0x07, 0x3D, 0x02, 0x01, 0x00, 0x00,
		0x60, 0x60, 0x60, 0x60, 0x01, 0x0C, 0x06, 0x08, 0x00, 0x00, 0x00, 0x00, 0x00, 0x00, 0x00, 0x74,
		0xE3, 0x82, 0x82, 0xE3, 0x81, 0x86, 0xE3, 0x83, 0xAA, 0xE3, 0x82, 0xBF, 0xE3, 0x82, 0xA4, 0xE3,
		0x82, 0xA2, 0xE3, 0x81, 0x97, 0xE3, 0x81, 0xA6, 0xE3, 0x82, 0x82, 0xE3, 0x81, 0x84, 0xE3, 0x81,
		0x84, 0xEF, 0xBC, 0x9F, 0x00, 0x00, 0x00, 0x00, 0x00, 0x00, 0x00, 0x00, 0x00, 0x00, 0x00, 0x00,
		0x00, 0x00, 0x00, 0x00, 0x00, 0x00, 0x00, 0x00, 0x00, 0x00, 0x00, 0x00, 0xE3, 0x82, 0xB5, 0xE3,
		0x83, 0xB3, 0xE3, 0x83, 0xAA, 0xE3, 0x82, 0xAA, 0x00, 0x00, 0x00, 0x00, 0x00, 0x00, 0x00, 0x00,
		0x00, 0x00, 0x00, 0x00, 0x00, 0x00, 0x00, 0x00, 0x00, 0x00, 0x00, 0x00, 0x00, 0x00, 0x00, 0x00,
		0x00, 0x00, 0x00, 0x00, 0x00, 0x00, 0x00, 0x00, 0x00, 0x00, 0x00, 0x00, 0x00, 0x00, 0x00, 0x00,
		0x00, 0x00, 0x00, 0x00, 0x00, 0x00, 0x00, 0x00, 0x00, 0x00, 0x00, 0x00, 0x00, 0x00, 0x00, 0x00,
		0x80, 0x05, 0x00, 0x00, 0x00, 0x00, 0x00, 0x00, 0x00, 0x00, 0x00, 0x00, 0x00, 0x00, 0x00, 0x00,
		0x00, 0x00, 0x00, 0x00, 0x00, 0x00, 0x00, 0x00, 0x00, 0x00, 0x00, 0x00, 0x00, 0x00, 0x00, 0x00,
		0xFF, 0xFF, 0xFF, 0xFF, 0xFF, 0xFF, 0xFF, 0xFF, 0xFF, 0xFF, 0xFF, 0xFF, 0xFF, 0xFF, 0x0F, 0x03,
		0x03, 0x00, 0x00, 0x00, 0x03, 0x04, 0x04, 0x00, 0x00, 0x00, 0xEB, 0xA5, 0x2D, 0xFF, 0xEB, 0xF5,
		0xFF, 0xFF, 0xEB, 0xF5, 0xFF, 0xFF, 0x8B, 0xA1, 0x50, 0xFF, 0x00, 0x00, 0x00, 0xFF, 0x00, 0x00,
		0x00, 0xFF, 0x00, 0x00, 0x00, 0xFF, 0x00, 0x00, 0x00, 0xFF, 0x00, 0x00, 0x00, 0xFF, 0x00, 0x00,
		0x00, 0x00, 0xF8, 0xFF
	]),
	new Uint8Array([
		0xE3, 0x83, 0x90, 0xE3, 0x83, 0xAB, 0xE3, 0x82, 0xAD, 0xE3, 0x83, 0xAA, 0xE3, 0x83, 0xBC, 0x00,
		0x00, 0x00, 0x00, 0x00, 0x00, 0x00, 0x00, 0x00, 0x00, 0x00, 0x00, 0x00, 0x00, 0x00, 0x00, 0x00,
		0x00, 0x00, 0x00, 0x00, 0x00, 0x01, 0x37, 0x02, 0x1D, 0x1A, 0x00, 0x00, 0x00, 0x00, 0x00, 0x00,
		0x00, 0x00, 0x00, 0x00, 0x00, 0x00, 0x00, 0x00, 0x1D, 0x1A, 0x09, 0x01, 0x1C, 0x21, 0x2C, 0x08,
		0x0E, 0x00, 0x00, 0x39, 0x39, 0x39, 0x39, 0x39, 0x03, 0x0A, 0x3E, 0x14, 0x1F, 0x08, 0x1A, 0x00,
		0x00, 0x60, 0x60, 0x60, 0x02, 0x0B, 0x02, 0x09, 0x00, 0x00, 0x00, 0x00, 0x00, 0x00, 0x00, 0x75,
		0xE3, 0x83, 0x9E, 0xE3, 0x82, 0xAF, 0xE3, 0x83, 0xAD, 0xE3, 0x82, 0xB9, 0xCE, 0x94, 0xE3, 0x82,
		0x88, 0xE3, 0x82, 0x8D, 0xE3, 0x81, 0x97, 0xE3, 0x81, 0x8F, 0xE3, 0x83, 0x8B, 0xE3, 0x83, 0xA3,
		0x00, 0x00, 0x00, 0x00, 0x00, 0x00, 0x00, 0x00, 0x00, 0x00, 0x00, 0x00, 0x00, 0x00, 0x00, 0x00,
		0x00, 0x00, 0x00, 0x00, 0x00, 0x00, 0x00, 0x00, 0x00, 0x00, 0x00, 0x00, 0xE3, 0x83, 0x9E, 0xE3,
		0x82, 0xAF, 0xE3, 0x83, 0xAD, 0xE3, 0x82, 0xB9, 0xCE, 0x94, 0x00, 0x00, 0x00, 0x00, 0x00, 0x00,
		0x00, 0x00, 0x00, 0x00, 0x00, 0x00, 0x00, 0x00, 0x00, 0x00, 0x00, 0x00, 0x00, 0x00, 0x00, 0x00,
		0x00, 0x00, 0x00, 0x00, 0x00, 0x00, 0x00, 0x00, 0x00, 0x00, 0x00, 0x00, 0x00, 0x00, 0x00, 0x00,
		0x00, 0x00, 0x00, 0x00, 0x00, 0x00, 0x00, 0x00, 0x00, 0x00, 0x00, 0x00, 0x00, 0x00, 0x00, 0x00,
		0x80, 0x05, 0x00, 0x00, 0x00, 0x00, 0x00, 0x00, 0x00, 0x00, 0x00, 0x00, 0x00, 0x00, 0x00, 0x00,
		0x00, 0x00, 0x00, 0x00, 0x00, 0x00, 0x00, 0x00, 0x00, 0x00, 0x00, 0x00, 0x00, 0x00, 0x00, 0x00,
		0xFF, 0xFF, 0xFF, 0xFF, 0xFF, 0xFF, 0xFF, 0xFF, 0xFF, 0xFF, 0xFF, 0xFF, 0xFF, 0xFF, 0x0F, 0x01,
		0x05, 0x00, 0x00, 0x00, 0x03, 0x02, 0x02, 0x00, 0x00, 0x00, 0xF0, 0xF0, 0xF0, 0xFF, 0x73, 0xFA,
		0x73, 0xFF, 0x73, 0xFA, 0x73, 0xFF, 0x8B, 0xA1, 0x50, 0xFF, 0x00, 0x00, 0x00, 0xFF, 0x00, 0x00,
		0x00, 0xFF, 0x00, 0x00, 0x00, 0xFF, 0x00, 0x00, 0x00, 0xFF, 0x00, 0x00, 0x00, 0xFF, 0x00, 0x00,
		0x00, 0x00, 0xF8, 0xFF
	]),
	new Uint8Array([
		0xE3, 0x83, 0xAA, 0xE3, 0x83, 0xB3, 0xE3, 0x82, 0xAF, 0x00, 0x00, 0x00, 0x00, 0x00, 0x00, 0x00,
		0x00, 0x00, 0x00, 0x00, 0x00, 0x00, 0x00, 0x00, 0x00, 0x00, 0x00, 0x00, 0x00, 0x00, 0x00, 0x00,
		0x00, 0x00, 0x00, 0x00, 0x00, 0x03, 0x37, 0x04, 0x14, 0x05, 0x00, 0x00, 0x00, 0x00, 0x00, 0x00,
		0x00, 0x00, 0x00, 0x00, 0x00, 0x00, 0x00, 0x00, 0x14, 0x05, 0x09, 0x01, 0x24, 0x0B, 0x19, 0x26,
		0x2B, 0x00, 0x00, 0x39, 0x39, 0x39, 0x39, 0x39, 0x29, 0x2B, 0x17, 0x3F, 0x1B, 0x1D, 0x2A, 0x00,
		0x00, 0x60, 0x60, 0x60, 0x05, 0x0B, 0x05, 0x09, 0x00, 0x00, 0x00, 0x00, 0x00, 0x00, 0x00, 0x76,
		0xE3, 0x82, 0xAA, 0xE3, 0x83, 0x88, 0xE3, 0x83, 0xA2, 0xE3, 0x81, 0xA8, 0xE3, 0x81, 0x97, 0xE3,
		0x81, 0xA6, 0xE9, 0x9B, 0x87, 0xE3, 0x81, 0xA3, 0xE3, 0x81, 0xA6, 0xE3, 0x82, 0x82, 0xE3, 0x82,
		0x89, 0xE3, 0x81, 0xA3, 0xE3, 0x81, 0x9F, 0xE2, 0x99, 0xAA, 0x00, 0x00, 0x00, 0x00, 0x00, 0x00,
		0x00, 0x00, 0x00, 0x00, 0x00, 0x00, 0x00, 0x00, 0x00, 0x00, 0x00, 0x00, 0xE4, 0xBB, 0xBB, 0xE5,
		0xA4, 0xA9, 0xE5, 0xA0, 0x82, 0x00, 0x00, 0x00, 0x00, 0x00, 0x00, 0x00, 0x00, 0x00, 0x00, 0x00,
		0x00, 0x00, 0x00, 0x00, 0x00, 0x00, 0x00, 0x00, 0x00, 0x00, 0x00, 0x00, 0x00, 0x00, 0x00, 0x00,
		0x00, 0x00, 0x00, 0x00, 0x00, 0x00, 0x00, 0x00, 0x00, 0x00, 0x00, 0x00, 0x00, 0x00, 0x00, 0x00,
		0x00, 0x00, 0x00, 0x00, 0x00, 0x00, 0x00, 0x00, 0x00, 0x00, 0x00, 0x00, 0x00, 0x00, 0x00, 0x00,
		0x80, 0x05, 0x00, 0x00, 0x00, 0x00, 0x00, 0x00, 0x00, 0x00, 0x00, 0x00, 0x00, 0x00, 0x00, 0x00,
		0x00, 0x00, 0x00, 0x00, 0x00, 0x00, 0x00, 0x00, 0x00, 0x00, 0x00, 0x00, 0x00, 0x00, 0x00, 0x00,
		0xFF, 0xFF, 0xFF, 0xFF, 0xFF, 0xFF, 0xFF, 0xFF, 0xFF, 0xFF, 0xFF, 0xFF, 0xFF, 0xFF, 0x0F, 0x01,
		0x01, 0x00, 0x00, 0x00, 0x00, 0x00, 0x00, 0x00, 0x00, 0x00, 0xFF, 0xFF, 0x96, 0xFF, 0xEB, 0xF5,
		0xFF, 0xFF, 0xEB, 0xF5, 0xFF, 0xFF, 0x8B, 0xA1, 0x50, 0xFF, 0x00, 0x00, 0x00, 0xFF, 0x00, 0x00,
		0x00, 0xFF, 0x00, 0x00, 0x00, 0xFF, 0x00, 0x00, 0x00, 0xFF, 0x00, 0x00, 0x00, 0xFF, 0x00, 0x00,
		0x00, 0x00, 0xF8, 0xFF
	]),
	new Uint8Array([
		0xE3, 0x83, 0x95, 0xE3, 0x82, 0xA9, 0xE3, 0x83, 0x83, 0xE3, 0x82, 0xAF, 0xE3, 0x82, 0xB9, 0x00,
		0x00, 0x00, 0x00, 0x00, 0x00, 0x00, 0x00, 0x00, 0x00, 0x00, 0x00, 0x00, 0x00, 0x00, 0x00, 0x00,
		0x00, 0x00, 0x00, 0x00, 0x00, 0x00, 0x37, 0x03, 0x1F, 0x00, 0x00, 0x00, 0x00, 0x00, 0x00, 0x00,
		0x00, 0x00, 0x00, 0x00, 0x00, 0x00, 0x00, 0x00, 0x1F, 0x09, 0x01, 0x2D, 0x0F, 0x08, 0x0E, 0x22,
		0x29, 0x00, 0x00, 0x00, 0x39, 0x39, 0x39, 0x39, 0x2D, 0x26, 0x40, 0x14, 0x24, 0x28, 0x00, 0x00,
		0x60, 0x60, 0x60, 0x60, 0x05, 0x0C, 0x03, 0x08, 0x00, 0x00, 0x00, 0x00, 0x00, 0x00, 0x00, 0x77,
		0xE3, 0x82, 0xB9, 0xE3, 0x82, 0xBF, 0xE3, 0x83, 0xBC, 0xE3, 0x83, 0x95, 0xE3, 0x82, 0xA9, 0xE3,
		0x83, 0x83, 0xE3, 0x82, 0xAF, 0xE3, 0x82, 0xB9, 0xE3, 0x83, 0x8B, 0xE3, 0x83, 0xA3, 0x00, 0x00,
		0x00, 0x00, 0x00, 0x00, 0x00, 0x00, 0x00, 0x00, 0x00, 0x00, 0x00, 0x00, 0x00, 0x00, 0x00, 0x00,
		0x00, 0x00, 0x00, 0x00, 0x00, 0x00, 0x00, 0x00, 0x00, 0x00, 0x00, 0x00, 0xE4, 0xBB, 0xBB, 0xE5,
		0xA4, 0xA9, 0xE5, 0xA0, 0x82, 0x00, 0x00, 0x00, 0x00, 0x00, 0x00, 0x00, 0x00, 0x00, 0x00, 0x00,
		0x00, 0x00, 0x00, 0x00, 0x00, 0x00, 0x00, 0x00, 0x00, 0x00, 0x00, 0x00, 0x00, 0x00, 0x00, 0x00,
		0x00, 0x00, 0x00, 0x00, 0x00, 0x00, 0x00, 0x00, 0x00, 0x00, 0x00, 0x00, 0x00, 0x00, 0x00, 0x00,
		0x00, 0x00, 0x00, 0x00, 0x00, 0x00, 0x00, 0x00, 0x00, 0x00, 0x00, 0x00, 0x00, 0x00, 0x00, 0x00,
		0x80, 0x05, 0x00, 0x00, 0x00, 0x00, 0x00, 0x00, 0x00, 0x00, 0x00, 0x00, 0x00, 0x00, 0x00, 0x00,
		0x00, 0x00, 0x00, 0x00, 0x00, 0x00, 0x00, 0x00, 0x00, 0x00, 0x00, 0x00, 0x00, 0x00, 0x00, 0x00,
		0xFF, 0xFF, 0xFF, 0xFF, 0xFF, 0xFF, 0xFF, 0xFF, 0xFF, 0xFF, 0xFF, 0xFF, 0xFF, 0xFF, 0x0F, 0x01,
		0x02, 0x00, 0x00, 0x00, 0x00, 0x03, 0x03, 0x00, 0x00, 0x00, 0xF0, 0xDC, 0x3C, 0xFF, 0xB4, 0xFA,
		0xBE, 0xFF, 0xB4, 0xFA, 0xBE, 0xFF, 0x8B, 0xA1, 0x50, 0xFF, 0x00, 0x00, 0x00, 0xFF, 0x00, 0x00,
		0x00, 0xFF, 0x00, 0x00, 0x00, 0xFF, 0x00, 0x00, 0x00, 0xFF, 0x00, 0x00, 0x00, 0xFF, 0x00, 0x00,
		0x00, 0x00, 0xF8, 0xFF
	]),
	new Uint8Array([
		0xE3, 0x83, 0x9E, 0xE3, 0x83, 0xAA, 0xE3, 0x82, 0xAA, 0x00, 0x00, 0x00, 0x00, 0x00, 0x00, 0x00,
		0x00, 0x00, 0x00, 0x00, 0x00, 0x00, 0x00, 0x00, 0x00, 0x00, 0x00, 0x00, 0x00, 0x00, 0x00, 0x00,
		0x00, 0x00, 0x00, 0x00, 0x00, 0x00, 0x37, 0x02, 0x1F, 0x00, 0x00, 0x00, 0x00, 0x00, 0x00, 0x00,
		0x00, 0x00, 0x00, 0x00, 0x00, 0x00, 0x00, 0x00, 0x1F, 0x09, 0x01, 0x0F, 0x15, 0x20, 0x22, 0x23,
		0x28, 0x2B, 0x00, 0x00, 0x00, 0x39, 0x39, 0x39, 0x2D, 0x26, 0x17, 0x41, 0x24, 0x0F, 0x00, 0x00,
		0x60, 0x60, 0x60, 0x60, 0x01, 0x0D, 0x06, 0x08, 0x00, 0x00, 0x00, 0x00, 0x00, 0x00, 0x00, 0x78,
		0xE3, 0x83, 0x9E, 0xE3, 0x83, 0xB3, 0xE3, 0x83, 0x9E, 0xE3, 0x83, 0x9F, 0xE3, 0x83, 0xBC, 0xE3,
		0x83, 0x8B, 0xE3, 0x83, 0xA3, 0xE3, 0x83, 0xBC, 0x00, 0x00, 0x00, 0x00, 0x00, 0x00, 0x00, 0x00,
		0x00, 0x00, 0x00, 0x00, 0x00, 0x00, 0x00, 0x00, 0x00, 0x00, 0x00, 0x00, 0x00, 0x00, 0x00, 0x00,
		0x00, 0x00, 0x00, 0x00, 0x00, 0x00, 0x00, 0x00, 0x00, 0x00, 0x00, 0x00, 0xE4, 0xBB, 0xBB, 0xE5,
		0xA4, 0xA9, 0xE5, 0xA0, 0x82, 0x00, 0x00, 0x00, 0x00, 0x00, 0x00, 0x00, 0x00, 0x00, 0x00, 0x00,
		0x00, 0x00, 0x00, 0x00, 0x00, 0x00, 0x00, 0x00, 0x00, 0x00, 0x00, 0x00, 0x00, 0x00, 0x00, 0x00,
		0x00, 0x00, 0x00, 0x00, 0x00, 0x00, 0x00, 0x00, 0x00, 0x00, 0x00, 0x00, 0x00, 0x00, 0x00, 0x00,
		0x00, 0x00, 0x00, 0x00, 0x00, 0x00, 0x00, 0x00, 0x00, 0x00, 0x00, 0x00, 0x00, 0x00, 0x00, 0x00,
		0x80, 0x05, 0x00, 0x00, 0x00, 0x00, 0x00, 0x00, 0x00, 0x00, 0x00, 0x00, 0x00, 0x00, 0x00, 0x00,
		0x00, 0x00, 0x00, 0x00, 0x00, 0x00, 0x00, 0x00, 0x00, 0x00, 0x00, 0x00, 0x00, 0x00, 0x00, 0x00,
		0xFF, 0xFF, 0xFF, 0xFF, 0xFF, 0xFF, 0xFF, 0xFF, 0xFF, 0xFF, 0xFF, 0xFF, 0xFF, 0xFF, 0x0F, 0x02,
		0x00, 0x00, 0x00, 0x00, 0x00, 0x04, 0x00, 0x00, 0x00, 0x00, 0xFA, 0xE6, 0xD7, 0xFF, 0x71, 0xDE,
		0xFF, 0xFF, 0x71, 0xDE, 0xFF, 0xFF, 0x8B, 0xA1, 0x50, 0xFF, 0x00, 0x00, 0x00, 0xFF, 0x00, 0x00,
		0x00, 0xFF, 0x00, 0x00, 0x00, 0xFF, 0x00, 0x00, 0x00, 0xFF, 0x00, 0x00, 0x00, 0xFF, 0x00, 0x00,
		0x00, 0x00, 0xF8, 0xFF
	]),
	new Uint8Array([
		0xE3, 0x81, 0x9F, 0xE3, 0x81, 0xAC, 0xE3, 0x81, 0x8D, 0xE3, 0x81, 0xA1, 0x00, 0x00, 0x00, 0x00,
		0x00, 0x00, 0x00, 0x00, 0x00, 0x00, 0x00, 0x00, 0x00, 0x00, 0x00, 0x00, 0x00, 0x00, 0x00, 0x00,
		0x00, 0x00, 0x00, 0x00, 0x00, 0x06, 0x37, 0x01, 0x25, 0x1B, 0x00, 0x00, 0x00, 0x00, 0x00, 0x00,
		0x00, 0x00, 0x00, 0x00, 0x00, 0x00, 0x00, 0x00, 0x25, 0x1B, 0x09, 0x01, 0x24, 0x16, 0x17, 0x20,
		0x2B, 0x00, 0x00, 0x39, 0x39, 0x39, 0x39, 0x39, 0x2C, 0x16, 0x17, 0x42, 0x11, 0x2F, 0x00, 0x00,
		0x60, 0x60, 0x60, 0x60, 0x05, 0x0B, 0x06, 0x08, 0x00, 0x00, 0x00, 0x00, 0x00, 0x00, 0x00, 0x79,
		0xE3, 0x81, 0xA9, 0xE3, 0x81, 0x86, 0xE3, 0x81, 0xB6, 0xE3, 0x81, 0xA4, 0xE3, 0x81, 0xAE, 0xE6,
		0xA3, 0xAE, 0xE3, 0x82, 0x88, 0xE3, 0x82, 0x8D, 0xE3, 0x81, 0x97, 0xE3, 0x81, 0x8F, 0xE3, 0x81,
		0xA0, 0xE3, 0x82, 0x82, 0xE3, 0x83, 0x8B, 0xE3, 0x83, 0xA3, 0x00, 0x00, 0x00, 0x00, 0x00, 0x00,
		0x00, 0x00, 0x00, 0x00, 0x00, 0x00, 0x00, 0x00, 0x00, 0x00, 0x00, 0x00, 0xE4, 0xBB, 0xBB, 0xE5,
		0xA4, 0xA9, 0xE5, 0xA0, 0x82, 0x00, 0x00, 0x00, 0x00, 0x00, 0x00, 0x00, 0x00, 0x00, 0x00, 0x00,
		0x00, 0x00, 0x00, 0x00, 0x00, 0x00, 0x00, 0x00, 0x00, 0x00, 0x00, 0x00, 0x00, 0x00, 0x00, 0x00,
		0x00, 0x00, 0x00, 0x00, 0x00, 0x00, 0x00, 0x00, 0x00, 0x00, 0x00, 0x00, 0x00, 0x00, 0x00, 0x00,
		0x00, 0x00, 0x00, 0x00, 0x00, 0x00, 0x00, 0x00, 0x00, 0x00, 0x00, 0x00, 0x00, 0x00, 0x00, 0x00,
		0x80, 0x05, 0x00, 0x00, 0x00, 0x00, 0x00, 0x00, 0x00, 0x00, 0x00, 0x00, 0x00, 0x00, 0x00, 0x00,
		0x00, 0x00, 0x00, 0x00, 0x00, 0x00, 0x00, 0x00, 0x00, 0x00, 0x00, 0x00, 0x00, 0x00, 0x00, 0x00,
		0xFF, 0xFF, 0xFF, 0xFF, 0xFF, 0xFF, 0xFF, 0xFF, 0xFF, 0xFF, 0xFF, 0xFF, 0xFF, 0xFF, 0x0F, 0x02,
		0x03, 0x00, 0x00, 0x00, 0x01, 0x04, 0x04, 0x00, 0x00, 0x00, 0x91, 0x69, 0x41, 0xFF, 0x71, 0xDE,
		0xFF, 0xFF, 0x71, 0xDE, 0xFF, 0xFF, 0x8B, 0xA1, 0x50, 0xFF, 0x00, 0x00, 0x00, 0xFF, 0x00, 0x00,
		0x00, 0xFF, 0x00, 0x00, 0x00, 0xFF, 0x00, 0x00, 0x00, 0xFF, 0x00, 0x00, 0x00, 0xFF, 0x00, 0x00,
		0x00, 0x00, 0xF8, 0xFF
	]),
	new Uint8Array([
		0xE3, 0x82, 0xBC, 0xE3, 0x83, 0xAB, 0xE3, 0x83, 0x80, 0x00, 0x00, 0x00, 0x00, 0x00, 0x00, 0x00,
		0x00, 0x00, 0x00, 0x00, 0x00, 0x00, 0x00, 0x00, 0x00, 0x00, 0x00, 0x00, 0x00, 0x00, 0x00, 0x00,
		0x00, 0x00, 0x00, 0x00, 0x00, 0x04, 0x37, 0x03, 0x03, 0x07, 0x00, 0x00, 0x00, 0x00, 0x00, 0x00,
		0x00, 0x00, 0x00, 0x00, 0x00, 0x00, 0x00, 0x00, 0x03, 0x07, 0x09, 0x01, 0x02, 0x04, 0x16, 0x08,
		0x00, 0x00, 0x39, 0x39, 0x39, 0x39, 0x39, 0x39, 0x05, 0x2E, 0x13, 0x43, 0x14, 0x23, 0x00, 0x00,
		0x60, 0x60, 0x60, 0x60, 0x06, 0x0A, 0x06, 0x08, 0x00, 0x00, 0x00, 0x00, 0x00, 0x00, 0x00, 0x7A,
		0xE3, 0x83, 0x8F, 0xE3, 0x82, 0xA4, 0xE3, 0x83, 0xA9, 0xE3, 0x83, 0xAB, 0xE5, 0x9B, 0xBD, 0xE3,
		0x81, 0xAE, 0xE7, 0x8E, 0x8B, 0xE5, 0xA5, 0xB3, 0xE3, 0x81, 0xA0, 0xE3, 0x83, 0x8B, 0xE3, 0x83,
		0xA3, 0x00, 0x00, 0x00, 0x00, 0x00, 0x00, 0x00, 0x00, 0x00, 0x00, 0x00, 0x00, 0x00, 0x00, 0x00,
		0x00, 0x00, 0x00, 0x00, 0x00, 0x00, 0x00, 0x00, 0x00, 0x00, 0x00, 0x00, 0xE4, 0xBB, 0xBB, 0xE5,
		0xA4, 0xA9, 0xE5, 0xA0, 0x82, 0x00, 0x00, 0x00, 0x00, 0x00, 0x00, 0x00, 0x00, 0x00, 0x00, 0x00,
		0x00, 0x00, 0x00, 0x00, 0x00, 0x00, 0x00, 0x00, 0x00, 0x00, 0x00, 0x00, 0x00, 0x00, 0x00, 0x00,
		0x00, 0x00, 0x00, 0x00, 0x00, 0x00, 0x00, 0x00, 0x00, 0x00, 0x00, 0x00, 0x00, 0x00, 0x00, 0x00,
		0x00, 0x00, 0x00, 0x00, 0x00, 0x00, 0x00, 0x00, 0x00, 0x00, 0x00, 0x00, 0x00, 0x00, 0x00, 0x00,
		0x80, 0x05, 0x00, 0x00, 0x00, 0x00, 0x00, 0x00, 0x00, 0x00, 0x00, 0x00, 0x00, 0x00, 0x00, 0x00,
		0x00, 0x00, 0x00, 0x00, 0x00, 0x00, 0x00, 0x00, 0x00, 0x00, 0x00, 0x00, 0x00, 0x00, 0x00, 0x00,
		0xFF, 0xFF, 0xFF, 0xFF, 0xFF, 0xFF, 0xFF, 0xFF, 0xFF, 0xFF, 0xFF, 0xFF, 0xFF, 0xFF, 0x0F, 0x02,
		0x00, 0x00, 0x00, 0x00, 0x05, 0x03, 0x03, 0x00, 0x00, 0x00, 0xFA, 0xF0, 0xE6, 0xFF, 0xEB, 0xF5,
		0xFF, 0xFF, 0xEB, 0xF5, 0xFF, 0xFF, 0x8B, 0xA1, 0x50, 0xFF, 0x00, 0x00, 0x00, 0xFF, 0x00, 0x00,
		0x00, 0xFF, 0x00, 0x00, 0x00, 0xFF, 0x00, 0x00, 0x00, 0xFF, 0x00, 0x00, 0x00, 0xFF, 0x00, 0x00,
		0x00, 0x00, 0xF8, 0xFF
	]),
	new Uint8Array([
		0xE3, 0x82, 0xB5, 0xE3, 0x83, 0xA0, 0xE3, 0x82, 0xB9, 0x00, 0x00, 0x00, 0x00, 0x00, 0x00, 0x00,
		0x00, 0x00, 0x00, 0x00, 0x00, 0x00, 0x00, 0x00, 0x00, 0x00, 0x00, 0x00, 0x00, 0x00, 0x00, 0x00,
		0x00, 0x00, 0x00, 0x00, 0x00, 0x05, 0x37, 0x02, 0x0C, 0x06, 0x00, 0x00, 0x00, 0x00, 0x00, 0x00,
		0x00, 0x00, 0x00, 0x00, 0x00, 0x00, 0x00, 0x00, 0x0C, 0x06, 0x09, 0x01, 0x0F, 0x15, 0x2C, 0x22,
		0x23, 0x00, 0x00, 0x39, 0x39, 0x39, 0x39, 0x39, 0x18, 0x0B, 0x17, 0x44, 0x0E, 0x21, 0x00, 0x00,
		0x60, 0x60, 0x60, 0x60, 0x02, 0x0B, 0x06, 0x08, 0x00, 0x00, 0x00, 0x00, 0x00, 0x00, 0x00, 0x7B,
		0xE9, 0x8A, 0x80, 0xE6, 0xB2, 0xB3, 0xE3, 0x82, 0x92, 0xE3, 0x81, 0x8B, 0xE3, 0x81, 0x91, 0xE3,
		0x82, 0x8B, 0xE8, 0xB3, 0x9E, 0xE9, 0x87, 0x91, 0xE7, 0xA8, 0xBC, 0xE3, 0x81, 0x8E, 0xE3, 0x83,
		0x8B, 0xE3, 0x83, 0xA3, 0x00, 0x00, 0x00, 0x00, 0x00, 0x00, 0x00, 0x00, 0x00, 0x00, 0x00, 0x00,
		0x00, 0x00, 0x00, 0x00, 0x00, 0x00, 0x00, 0x00, 0x00, 0x00, 0x00, 0x00, 0xE4, 0xBB, 0xBB, 0xE5,
		0xA4, 0xA9, 0xE5, 0xA0, 0x82, 0x00, 0x00, 0x00, 0x00, 0x00, 0x00, 0x00, 0x00, 0x00, 0x00, 0x00,
		0x00, 0x00, 0x00, 0x00, 0x00, 0x00, 0x00, 0x00, 0x00, 0x00, 0x00, 0x00, 0x00, 0x00, 0x00, 0x00,
		0x00, 0x00, 0x00, 0x00, 0x00, 0x00, 0x00, 0x00, 0x00, 0x00, 0x00, 0x00, 0x00, 0x00, 0x00, 0x00,
		0x00, 0x00, 0x00, 0x00, 0x00, 0x00, 0x00, 0x00, 0x00, 0x00, 0x00, 0x00, 0x00, 0x00, 0x00, 0x00,
		0x80, 0x05, 0x00, 0x00, 0x00, 0x00, 0x00, 0x00, 0x00, 0x00, 0x00, 0x00, 0x00, 0x00, 0x00, 0x00,
		0x00, 0x00, 0x00, 0x00, 0x00, 0x00, 0x00, 0x00, 0x00, 0x00, 0x00, 0x00, 0x00, 0x00, 0x00, 0x00,
		0xFF, 0xFF, 0xFF, 0xFF, 0xFF, 0xFF, 0xFF, 0xFF, 0xFF, 0xFF, 0xFF, 0xFF, 0xFF, 0xFF, 0x0F, 0x01,
		0x02, 0x00, 0x00, 0x00, 0x01, 0x00, 0x03, 0x00, 0x00, 0x00, 0x32, 0x78, 0xFF, 0xFF, 0xFF, 0xFF,
		0x00, 0xFF, 0xFF, 0xFF, 0x00, 0xFF, 0x8B, 0xA1, 0x50, 0xFF, 0x00, 0x00, 0x00, 0xFF, 0x00, 0x00,
		0x00, 0xFF, 0x00, 0x00, 0x00, 0xFF, 0x00, 0x00, 0x00, 0xFF, 0x00, 0x00, 0x00, 0xFF, 0x00, 0x00,
		0x00, 0x00, 0xF8, 0xFF
	]),
	new Uint8Array([
		0xE3, 0x83, 0x90, 0xE3, 0x83, 0x8F, 0xE3, 0x83, 0xA0, 0xE3, 0x83, 0xBC, 0xE3, 0x83, 0x88, 0x00,
		0x00, 0x00, 0x00, 0x00, 0x00, 0x00, 0x00, 0x00, 0x00, 0x00, 0x00, 0x00, 0x00, 0x00, 0x00, 0x00,
		0x00, 0x00, 0x00, 0x00, 0x00, 0x05, 0x37, 0x05, 0x0C, 0x06, 0x00, 0x00, 0x00, 0x00, 0x00, 0x00,
		0x00, 0x00, 0x00, 0x00, 0x00, 0x00, 0x00, 0x00, 0x0C, 0x06, 0x09, 0x01, 0x2D, 0x0B, 0x0F, 0x2A,
		0x00, 0x00, 0x39, 0x39, 0x39, 0x39, 0x39, 0x39, 0x18, 0x0B, 0x27, 0x45, 0x19, 0x1A, 0x1B, 0x00,
		0x00, 0x60, 0x60, 0x60, 0x06, 0x0A, 0x05, 0x09, 0x00, 0x00, 0x00, 0x00, 0x00, 0x00, 0x00, 0x7C,
		0xE5, 0xBF, 0x83, 0xE7, 0x9C, 0xBC, 0xE3, 0x81, 0xA7, 0xE7, 0x9C, 0x9F, 0xE3, 0x81, 0xAE, 0xE5,
		0x8B, 0x87, 0xE6, 0xB0, 0x97, 0xE3, 0x82, 0x92, 0xE8, 0xA6, 0x8B, 0xE6, 0x8A, 0x9C, 0xE3, 0x81,
		0x8F, 0xE3, 0x81, 0xAE, 0xE3, 0x83, 0x8B, 0xE3, 0x83, 0xA3, 0x00, 0x00, 0x00, 0x00, 0x00, 0x00,
		0x00, 0x00, 0x00, 0x00, 0x00, 0x00, 0x00, 0x00, 0x00, 0x00, 0x00, 0x00, 0xE3, 0x82, 0xB9, 0xE3,
		0x82, 0xAF, 0xE3, 0x82, 0xA8, 0xE3, 0x83, 0x8B, 0x00, 0x00, 0x00, 0x00, 0x00, 0x00, 0x00, 0x00,
		0x00, 0x00, 0x00, 0x00, 0x00, 0x00, 0x00, 0x00, 0x00, 0x00, 0x00, 0x00, 0x00, 0x00, 0x00, 0x00,
		0x00, 0x00, 0x00, 0x00, 0x00, 0x00, 0x00, 0x00, 0x00, 0x00, 0x00, 0x00, 0x00, 0x00, 0x00, 0x00,
		0x00, 0x00, 0x00, 0x00, 0x00, 0x00, 0x00, 0x00, 0x00, 0x00, 0x00, 0x00, 0x00, 0x00, 0x00, 0x00,
		0x80, 0x05, 0x00, 0x00, 0x00, 0x00, 0x00, 0x00, 0x00, 0x00, 0x00, 0x00, 0x00, 0x00, 0x00, 0x00,
		0x00, 0x00, 0x00, 0x00, 0x00, 0x00, 0x00, 0x00, 0x00, 0x00, 0x00, 0x00, 0x00, 0x00, 0x00, 0x00,
		0xFF, 0xFF, 0xFF, 0xFF, 0xFF, 0xFF, 0xFF, 0xFF, 0xFF, 0xFF, 0xFF, 0xFF, 0xFF, 0xFF, 0x0F, 0x01,
		0x05, 0x00, 0x00, 0x00, 0x06, 0x02, 0x02, 0x00, 0x00, 0x00, 0x3C, 0x00, 0x00, 0xFF, 0xEB, 0xF5,
		0xFF, 0xFF, 0xEB, 0xF5, 0xFF, 0xFF, 0x8B, 0xA1, 0x50, 0xFF, 0x00, 0x00, 0x00, 0xFF, 0x00, 0x00,
		0x00, 0xFF, 0x00, 0x00, 0x00, 0xFF, 0x00, 0x00, 0x00, 0xFF, 0x00, 0x00, 0x00, 0xFF, 0x00, 0x00,
		0x00, 0x00, 0xF8, 0xFF
	]),
	new Uint8Array([
		0xE3, 0x83, 0x9E, 0xE3, 0x83, 0x8B, 0xE3, 0x83, 0xA3, 0x00, 0x00, 0x00, 0x00, 0x00, 0x00, 0x00,
		0x00, 0x00, 0x00, 0x00, 0x00, 0x00, 0x00, 0x00, 0x00, 0x00, 0x00, 0x00, 0x00, 0x00, 0x00, 0x00,
		0x00, 0x00, 0x00, 0x00, 0x00, 0x03, 0x37, 0x02, 0x14, 0x05, 0x00, 0x00, 0x00, 0x00, 0x00, 0x00,
		0x00, 0x00, 0x00, 0x00, 0x00, 0x00, 0x00, 0x00, 0x14, 0x05, 0x09, 0x01, 0x04, 0x15, 0x16, 0x22,
		0x28, 0x00, 0x00, 0x39, 0x39, 0x39, 0x39, 0x39, 0x29, 0x2B, 0x15, 0x4B, 0x01, 0x23, 0x2F, 0x00,
		0x00, 0x60, 0x60, 0x60, 0x02, 0x0B, 0x05, 0x09, 0x00, 0x00, 0x00, 0x00, 0x00, 0x00, 0x00, 0x7D,
		0xE3, 0x83, 0xA2, 0xE3, 0x83, 0xB3, 0xE3, 0x83, 0x8F, 0xE3, 0x83, 0xB3, 0xE9, 0x83, 0xA8, 0xE3,
		0x82, 0x88, 0xE3, 0x82, 0x8D, 0xE3, 0x81, 0x97, 0xE3, 0x81, 0x8F, 0xE3, 0x81, 0xAA, 0xE3, 0x81,
		0xAE, 0xE3, 0x83, 0x8B, 0xE3, 0x83, 0xA3, 0x00, 0x00, 0x00, 0x00, 0x00, 0x00, 0x00, 0x00, 0x00,
		0x00, 0x00, 0x00, 0x00, 0x00, 0x00, 0x00, 0x00, 0x00, 0x00, 0x00, 0x00, 0xE3, 0x83, 0xA2, 0xE3,
		0x83, 0xB3, 0xE3, 0x83, 0x8F, 0xE3, 0x83, 0xB3, 0xE9, 0x83, 0xA8, 0x00, 0x00, 0x00, 0x00, 0x00,
		0x00, 0x00, 0x00, 0x00, 0x00, 0x00, 0x00, 0x00, 0x00, 0x00, 0x00, 0x00, 0x00, 0x00, 0x00, 0x00,
		0x00, 0x00, 0x00, 0x00, 0x00, 0x00, 0x00, 0x00, 0x00, 0x00, 0x00, 0x00, 0x00, 0x00, 0x00, 0x00,
		0x00, 0x00, 0x00, 0x00, 0x00, 0x00, 0x00, 0x00, 0x00, 0x00, 0x00, 0x00, 0x00, 0x00, 0x00, 0x00,
		0x80, 0x05, 0x00, 0x00, 0x00, 0x00, 0x00, 0x00, 0x00, 0x00, 0x00, 0x00, 0x00, 0x00, 0x00, 0x00,
		0x00, 0x00, 0x00, 0x00, 0x00, 0x00, 0x00, 0x00, 0x00, 0x00, 0x00, 0x00, 0x00, 0x00, 0x00, 0x00,
		0xFF, 0xFF, 0xFF, 0xFF, 0xFF, 0xFF, 0xFF, 0xFF, 0xFF, 0xFF, 0xFF, 0xFF, 0xFF, 0xFF, 0x0F, 0x02,
		0x00, 0x00, 0x00, 0x00, 0x04, 0x00, 0x00, 0x00, 0x00, 0x00, 0xFF, 0x91, 0xB9, 0xFF, 0xEB, 0xF5,
		0xFF, 0xFF, 0xEB, 0xF5, 0xFF, 0xFF, 0x8B, 0xA1, 0x50, 0xFF, 0x00, 0x00, 0x00, 0xFF, 0x00, 0x00,
		0x00, 0xFF, 0x00, 0x00, 0x00, 0xFF, 0x00, 0x00, 0x00, 0xFF, 0x00, 0x00, 0x00, 0xFF, 0x00, 0x00,
		0x00, 0x00, 0xF8, 0xFF
	]),
	new Uint8Array([
		0xE3, 0x83, 0x89, 0xE3, 0x83, 0x87, 0xE3, 0x82, 0xAB, 0xE2, 0x98, 0x86, 0xE3, 0x83, 0x9F, 0xE3,
		0x83, 0xB3, 0x00, 0x00, 0x00, 0x00, 0x00, 0x00, 0x00, 0x00, 0x00, 0x00, 0x00, 0x00, 0x00, 0x00,
		0x00, 0x00, 0x00, 0x00, 0x00, 0x04, 0x37, 0x05, 0x03, 0x05, 0x00, 0x00, 0x00, 0x00, 0x00, 0x00,
		0x00, 0x00, 0x00, 0x00, 0x00, 0x00, 0x00, 0x00, 0x03, 0x05, 0x09, 0x01, 0x02, 0x0F, 0x16, 0x22,
		0x00, 0x00, 0x39, 0x39, 0x39, 0x39, 0x39, 0x39, 0x05, 0x2E, 0x17, 0x47, 0x14, 0x20, 0x00, 0x00,
		0x60, 0x60, 0x60, 0x60, 0x06, 0x0A, 0x06, 0x08, 0x00, 0x00, 0x00, 0x00, 0x00, 0x00, 0x00, 0x7E,
		0xE3, 0x83, 0x95, 0xE3, 0x82, 0xA1, 0xE3, 0x82, 0xA4, 0xE3, 0x83, 0x88, 0xE3, 0x83, 0x90, 0xE3,
		0x82, 0xAF, 0xE3, 0x83, 0x8F, 0xE3, 0x83, 0x84, 0xEF, 0xBC, 0x81, 0xEF, 0xBC, 0x81, 0xE3, 0x83,
		0x8B, 0xE3, 0x83, 0xA3, 0x00, 0x00, 0x00, 0x00, 0x00, 0x00, 0x00, 0x00, 0x00, 0x00, 0x00, 0x00,
		0x00, 0x00, 0x00, 0x00, 0x00, 0x00, 0x00, 0x00, 0x00, 0x00, 0x00, 0x00, 0xE3, 0x82, 0xA2, 0xE3,
		0x82, 0xB5, 0xE3, 0x83, 0x92, 0xE9, 0xA3, 0xB2, 0xE6, 0x96, 0x99, 0x00, 0x00, 0x00, 0x00, 0x00,
		0x00, 0x00, 0x00, 0x00, 0x00, 0x00, 0x00, 0x00, 0x00, 0x00, 0x00, 0x00, 0x00, 0x00, 0x00, 0x00,
		0x00, 0x00, 0x00, 0x00, 0x00, 0x00, 0x00, 0x00, 0x00, 0x00, 0x00, 0x00, 0x00, 0x00, 0x00, 0x00,
		0x00, 0x00, 0x00, 0x00, 0x00, 0x00, 0x00, 0x00, 0x00, 0x00, 0x00, 0x00, 0x00, 0x00, 0x00, 0x00,
		0x80, 0x05, 0x00, 0x00, 0x00, 0x00, 0x00, 0x00, 0x00, 0x00, 0x00, 0x00, 0x00, 0x00, 0x00, 0x00,
		0x00, 0x00, 0x00, 0x00, 0x00, 0x00, 0x00, 0x00, 0x00, 0x00, 0x00, 0x00, 0x00, 0x00, 0x00, 0x00,
		0xFF, 0xFF, 0xFF, 0xFF, 0xFF, 0xFF, 0xFF, 0xFF, 0xFF, 0xFF, 0xFF, 0xFF, 0xFF, 0xFF, 0x0F, 0x01,
		0x02, 0x00, 0x00, 0x00, 0x02, 0x03, 0x02, 0x00, 0x00, 0x00, 0xE1, 0xCD, 0x5F, 0xFF, 0xC3, 0x8C,
		0x50, 0xFF, 0xC3, 0x8C, 0x50, 0xFF, 0x8B, 0xA1, 0x50, 0xFF, 0x00, 0x00, 0x00, 0xFF, 0x00, 0x00,
		0x00, 0xFF, 0x00, 0x00, 0x00, 0xFF, 0x00, 0x00, 0x00, 0xFF, 0x00, 0x00, 0x00, 0xFF, 0x00, 0x00,
		0x00, 0x00, 0xF8, 0xFF
	]),
	new Uint8Array([
		0xE3, 0x83, 0x8A, 0xE3, 0x82, 0xB8, 0xE3, 0x83, 0xA3, 0xE3, 0x83, 0xB4, 0x00, 0x00, 0x00, 0x00,
		0x00, 0x00, 0x00, 0x00, 0x00, 0x00, 0x00, 0x00, 0x00, 0x00, 0x00, 0x00, 0x00, 0x00, 0x00, 0x00,
		0x00, 0x00, 0x00, 0x00, 0x00, 0x03, 0x37, 0x03, 0x14, 0x05, 0x00, 0x00, 0x00, 0x00, 0x00, 0x00,
		0x00, 0x00, 0x00, 0x00, 0x00, 0x00, 0x00, 0x00, 0x14, 0x05, 0x09, 0x01, 0x15, 0x16, 0x21, 0x08,
		0x17, 0x00, 0x00, 0x39, 0x39, 0x39, 0x39, 0x39, 0x29, 0x2B, 0x13, 0x48, 0x1C, 0x01, 0x00, 0x00,
		0x60, 0x60, 0x60, 0x60, 0x02, 0x0B, 0x06, 0x08, 0x00, 0x00, 0x00, 0x00, 0x00, 0x00, 0x00, 0x7F,
		0xE4, 0xB8, 0x80, 0xE7, 0xB7, 0x92, 0xE3, 0x81, 0xAB, 0xE9, 0xA0, 0x91, 0xE5, 0xBC, 0xB5, 0xE3,
		0x82, 0x8D, 0xE3, 0x81, 0x86, 0xE3, 0x83, 0x8B, 0xE3, 0x83, 0xA3, 0xEF, 0xBC, 0x81, 0x00, 0x00,
		0x00, 0x00, 0x00, 0x00, 0x00, 0x00, 0x00, 0x00, 0x00, 0x00, 0x00, 0x00, 0x00, 0x00, 0x00, 0x00,
		0x00, 0x00, 0x00, 0x00, 0x00, 0x00, 0x00, 0x00, 0x00, 0x00, 0x00, 0x00, 0xE3, 0x83, 0x8A, 0xE3,
		0x83, 0xB3, 0xE3, 0x82, 0xB8, 0xE3, 0x83, 0xA3, 0x00, 0x00, 0x00, 0x00, 0x00, 0x00, 0x00, 0x00,
		0x00, 0x00, 0x00, 0x00, 0x00, 0x00, 0x00, 0x00, 0x00, 0x00, 0x00, 0x00, 0x00, 0x00, 0x00, 0x00,
		0x00, 0x00, 0x00, 0x00, 0x00, 0x00, 0x00, 0x00, 0x00, 0x00, 0x00, 0x00, 0x00, 0x00, 0x00, 0x00,
		0x00, 0x00, 0x00, 0x00, 0x00, 0x00, 0x00, 0x00, 0x00, 0x00, 0x00, 0x00, 0x00, 0x00, 0x00, 0x00,
		0x80, 0x05, 0x00, 0x00, 0x00, 0x00, 0x00, 0x00, 0x00, 0x00, 0x00, 0x00, 0x00, 0x00, 0x00, 0x00,
		0x00, 0x00, 0x00, 0x00, 0x00, 0x00, 0x00, 0x00, 0x00, 0x00, 0x00, 0x00, 0x00, 0x00, 0x00, 0x00,
		0xFF, 0xFF, 0xFF, 0xFF, 0xFF, 0xFF, 0xFF, 0xFF, 0xFF, 0xFF, 0xFF, 0xFF, 0xFF, 0xFF, 0x0F, 0x02,
		0x00, 0x00, 0x00, 0x00, 0x05, 0x04, 0x04, 0x00, 0x00, 0x00, 0xFF, 0xFF, 0xFF, 0xFF, 0xEB, 0xF5,
		0xFF, 0xFF, 0xEB, 0xF5, 0xFF, 0xFF, 0x8B, 0xA1, 0x50, 0xFF, 0x00, 0x00, 0x00, 0xFF, 0x00, 0x00,
		0x00, 0xFF, 0x00, 0x00, 0x00, 0xFF, 0x00, 0x00, 0x00, 0xFF, 0x00, 0x00, 0x00, 0xFF, 0x00, 0x00,
		0x00, 0x00, 0xF8, 0xFF
	]),
	new Uint8Array([
		0xE3, 0x83, 0xA2, 0xE3, 0x82, 0xB8, 0xE3, 0x83, 0xA3, 0xE3, 0x83, 0xB4, 0x00, 0x00, 0x00, 0x00,
		0x00, 0x00, 0x00, 0x00, 0x00, 0x00, 0x00, 0x00, 0x00, 0x00, 0x00, 0x00, 0x00, 0x00, 0x00, 0x00,
		0x00, 0x00, 0x00, 0x00, 0x00, 0x01, 0x37, 0x05, 0x1D, 0x06, 0x00, 0x00, 0x00, 0x00, 0x00, 0x00,
		0x00, 0x00, 0x00, 0x00, 0x00, 0x00, 0x00, 0x00, 0x1D, 0x06, 0x09, 0x01, 0x24, 0x0F, 0x10, 0x28,
		0x00, 0x00, 0x39, 0x39, 0x39, 0x39, 0x39, 0x39, 0x03, 0x0A, 0x27, 0x38, 0x24, 0x1D, 0x00, 0x00,
		0x60, 0x60, 0x60, 0x60, 0x06, 0x0A, 0x06, 0x08, 0x00, 0x00, 0x00, 0x00, 0x00, 0x00, 0x00, 0x80,
		0xE3, 0x81, 0x8A, 0xE5, 0x89, 0x8D, 0xE3, 0x81, 0xAE, 0xE3, 0x82, 0xAA, 0xE3, 0x83, 0x88, 0xE3,
		0x83, 0xA2, 0xE3, 0x81, 0x97, 0xE3, 0x81, 0xA6, 0xE3, 0x82, 0x84, 0xE3, 0x82, 0x8B, 0xE3, 0x83,
		0x8B, 0xE3, 0x83, 0xA3, 0x00, 0x00, 0x00, 0x00, 0x00, 0x00, 0x00, 0x00, 0x00, 0x00, 0x00, 0x00,
		0x00, 0x00, 0x00, 0x00, 0x00, 0x00, 0x00, 0x00, 0x00, 0x00, 0x00, 0x00, 0xE3, 0x83, 0x8A, 0xE3,
		0x83, 0xB3, 0xE3, 0x82, 0xB8, 0xE3, 0x83, 0xA3, 0x00, 0x00, 0x00, 0x00, 0x00, 0x00, 0x00, 0x00,
		0x00, 0x00, 0x00, 0x00, 0x00, 0x00, 0x00, 0x00, 0x00, 0x00, 0x00, 0x00, 0x00, 0x00, 0x00, 0x00,
		0x00, 0x00, 0x00, 0x00, 0x00, 0x00, 0x00, 0x00, 0x00, 0x00, 0x00, 0x00, 0x00, 0x00, 0x00, 0x00,
		0x00, 0x00, 0x00, 0x00, 0x00, 0x00, 0x00, 0x00, 0x00, 0x00, 0x00, 0x00, 0x00, 0x00, 0x00, 0x00,
		0x80, 0x05, 0x00, 0x00, 0x00, 0x00, 0x00, 0x00, 0x00, 0x00, 0x00, 0x00, 0x00, 0x00, 0x00, 0x00,
		0x00, 0x00, 0x00, 0x00, 0x00, 0x00, 0x00, 0x00, 0x00, 0x00, 0x00, 0x00, 0x00, 0x00, 0x00, 0x00,
		0xFF, 0xFF, 0xFF, 0xFF, 0xFF, 0xFF, 0xFF, 0xFF, 0xFF, 0xFF, 0xFF, 0xFF, 0xFF, 0xFF, 0x0F, 0x03,
		0x01, 0x00, 0x00, 0x00, 0x04, 0x04, 0x03, 0x00, 0x00, 0x00, 0x9F, 0xA0, 0xA0, 0xFF, 0x69, 0x86,
		0x94, 0xFF, 0x69, 0x86, 0x94, 0xFF, 0x8B, 0xA1, 0x50, 0xFF, 0x00, 0x00, 0x00, 0xFF, 0x00, 0x00,
		0x00, 0xFF, 0x00, 0x00, 0x00, 0xFF, 0x00, 0x00, 0x00, 0xFF, 0x00, 0x00, 0x00, 0xFF, 0x00, 0x00,
		0x00, 0x00, 0xF8, 0xFF
	]),
	new Uint8Array([
		0xE3, 0x82, 0xAB, 0xE3, 0x83, 0xAA, 0xE3, 0x83, 0xBC, 0xE3, 0x83, 0xA4, 0xE3, 0x83, 0xB3, 0x00,
		0x00, 0x00, 0x00, 0x00, 0x00, 0x00, 0x00, 0x00, 0x00, 0x00, 0x00, 0x00, 0x00, 0x00, 0x00, 0x00,
		0x00, 0x00, 0x00, 0x00, 0x00, 0x00, 0x37, 0x05, 0x1F, 0x00, 0x00, 0x00, 0x00, 0x00, 0x00, 0x00,
		0x00, 0x00, 0x00, 0x00, 0x00, 0x00, 0x00, 0x00, 0x1F, 0x09, 0x01, 0x2D, 0x0B, 0x0E, 0x26, 0x28,
		0x29, 0x00, 0x00, 0x00, 0x39, 0x39, 0x39, 0x39, 0x2D, 0x26, 0x27, 0x48, 0x09, 0x01, 0x00, 0x00,
		0x60, 0x60, 0x60, 0x60, 0x05, 0x0C, 0x06, 0x08, 0x00, 0x00, 0x00, 0x00, 0x00, 0x00, 0x00, 0x81,
		0xE3, 0x81, 0xB2, 0xE3, 0x81, 0xA8, 0xE3, 0x82, 0xAB, 0xE3, 0x83, 0xAA, 0xE3, 0x83, 0xBC, 0xE3,
		0x81, 0x84, 0xE3, 0x81, 0x93, 0xE3, 0x81, 0x86, 0xE3, 0x83, 0x8B, 0xE3, 0x83, 0xA3, 0xEF, 0xBC,
		0x81, 0x00, 0x00, 0x00, 0x00, 0x00, 0x00, 0x00, 0x00, 0x00, 0x00, 0x00, 0x00, 0x00, 0x00, 0x00,
		0x00, 0x00, 0x00, 0x00, 0x00, 0x00, 0x00, 0x00, 0x00, 0x00, 0x00, 0x00, 0xE3, 0x82, 0xAB, 0xE3,
		0x83, 0xAA, 0xE3, 0x83, 0xBC, 0xE5, 0xB1, 0x8B, 0x00, 0x00, 0x00, 0x00, 0x00, 0x00, 0x00, 0x00,
		0x00, 0x00, 0x00, 0x00, 0x00, 0x00, 0x00, 0x00, 0x00, 0x00, 0x00, 0x00, 0x00, 0x00, 0x00, 0x00,
		0x00, 0x00, 0x00, 0x00, 0x00, 0x00, 0x00, 0x00, 0x00, 0x00, 0x00, 0x00, 0x00, 0x00, 0x00, 0x00,
		0x00, 0x00, 0x00, 0x00, 0x00, 0x00, 0x00, 0x00, 0x00, 0x00, 0x00, 0x00, 0x00, 0x00, 0x00, 0x00,
		0x80, 0x05, 0x00, 0x00, 0x00, 0x00, 0x00, 0x00, 0x00, 0x00, 0x00, 0x00, 0x00, 0x00, 0x00, 0x00,
		0x00, 0x00, 0x00, 0x00, 0x00, 0x00, 0x00, 0x00, 0x00, 0x00, 0x00, 0x00, 0x00, 0x00, 0x00, 0x00,
		0xFF, 0xFF, 0xFF, 0xFF, 0xFF, 0xFF, 0xFF, 0xFF, 0xFF, 0xFF, 0xFF, 0xFF, 0xFF, 0xFF, 0x0F, 0x03,
		0x00, 0x00, 0x00, 0x00, 0x04, 0x03, 0x03, 0x00, 0x00, 0x00, 0xC8, 0x6E, 0x0A, 0xFF, 0x73, 0xC8,
		0x76, 0xFF, 0x73, 0xC8, 0x76, 0xFF, 0x8B, 0xA1, 0x50, 0xFF, 0x00, 0x00, 0x00, 0xFF, 0x00, 0x00,
		0x00, 0xFF, 0x00, 0x00, 0x00, 0xFF, 0x00, 0x00, 0x00, 0xFF, 0x00, 0x00, 0x00, 0xFF, 0x00, 0x00,
		0x00, 0x00, 0xF8, 0xFF
	]),
	new Uint8Array([
		0xE3, 0x82, 0xAB, 0xE3, 0x83, 0xAA, 0xE3, 0x83, 0xA0, 0xE3, 0x83, 0xBC, 0xE3, 0x83, 0x81, 0xE3,
		0x83, 0xA7, 0x00, 0x00, 0x00, 0x00, 0x00, 0x00, 0x00, 0x00, 0x00, 0x00, 0x00, 0x00, 0x00, 0x00,
		0x00, 0x00, 0x00, 0x00, 0x00, 0x05, 0x37, 0x04, 0x0C, 0x06, 0x00, 0x00, 0x00, 0x00, 0x00, 0x00,
		0x00, 0x00, 0x00, 0x00, 0x00, 0x00, 0x00, 0x00, 0x0C, 0x06, 0x09, 0x01, 0x0D, 0x0B, 0x0F, 0x08,
		0x00, 0x00, 0x39, 0x39, 0x39, 0x39, 0x39, 0x39, 0x18, 0x0B, 0x27, 0x47, 0x0E, 0x08, 0x00, 0x00,
		0x60, 0x60, 0x60, 0x60, 0x06, 0x0A, 0x06, 0x08, 0x00, 0x00, 0x00, 0x00, 0x00, 0x00, 0x00, 0x82,
		0xE3, 0x83, 0x9D, 0xE3, 0x83, 0x86, 0xE3, 0x83, 0x88, 0xE3, 0x81, 0x8C, 0xE8, 0xBE, 0x9B, 0xE3,
		0x81, 0x8F, 0xE3, 0x81, 0xA6, 0xE3, 0x83, 0x8B, 0xE3, 0x83, 0xA3, 0xE3, 0x81, 0x9C, 0xE3, 0x81,
		0x8A, 0xE3, 0x81, 0x84, 0xE3, 0x81, 0x97, 0xE3, 0x81, 0x84, 0x00, 0x00, 0x00, 0x00, 0x00, 0x00,
		0x00, 0x00, 0x00, 0x00, 0x00, 0x00, 0x00, 0x00, 0x00, 0x00, 0x00, 0x00, 0xE3, 0x82, 0xB3, 0xE3,
		0x82, 0xA4, 0xE3, 0x82, 0xB1, 0xE3, 0x83, 0xA4, 0x00, 0x00, 0x00, 0x00, 0x00, 0x00, 0x00, 0x00,
		0x00, 0x00, 0x00, 0x00, 0x00, 0x00, 0x00, 0x00, 0x00, 0x00, 0x00, 0x00, 0x00, 0x00, 0x00, 0x00,
		0x00, 0x00, 0x00, 0x00, 0x00, 0x00, 0x00, 0x00, 0x00, 0x00, 0x00, 0x00, 0x00, 0x00, 0x00, 0x00,
		0x00, 0x00, 0x00, 0x00, 0x00, 0x00, 0x00, 0x00, 0x00, 0x00, 0x00, 0x00, 0x00, 0x00, 0x00, 0x00,
		0x80, 0x05, 0x00, 0x00, 0x00, 0x00, 0x00, 0x00, 0x00, 0x00, 0x00, 0x00, 0x00, 0x00, 0x00, 0x00,
		0x00, 0x00, 0x00, 0x00, 0x00, 0x00, 0x00, 0x00, 0x00, 0x00, 0x00, 0x00, 0x00, 0x00, 0x00, 0x00,
		0xFF, 0xFF, 0xFF, 0xFF, 0xFF, 0xFF, 0xFF, 0xFF, 0xFF, 0xFF, 0xFF, 0xFF, 0xFF, 0xFF, 0x0F, 0x02,
		0x00, 0x00, 0x00, 0x00, 0x03, 0x00, 0x00, 0x00, 0x00, 0x00, 0xC8, 0x32, 0x23, 0xFF, 0x73, 0xC8,
		0x76, 0xFF, 0x73, 0xC8, 0x76, 0xFF, 0x8B, 0xA1, 0x50, 0xFF, 0x00, 0x00, 0x00, 0xFF, 0x00, 0x00,
		0x00, 0xFF, 0x00, 0x00, 0x00, 0xFF, 0x00, 0x00, 0x00, 0xFF, 0x00, 0x00, 0x00, 0xFF, 0x00, 0x00,
		0x00, 0x00, 0xF8, 0xFF
	]),
	new Uint8Array([
		0xE3, 0x83, 0x8B, 0xE3, 0x83, 0xA3, 0xE3, 0x83, 0xAA, 0xE3, 0x83, 0x83, 0xE3, 0x82, 0xAF, 0x00,
		0x00, 0x00, 0x00, 0x00, 0x00, 0x00, 0x00, 0x00, 0x00, 0x00, 0x00, 0x00, 0x00, 0x00, 0x00, 0x00,
		0x00, 0x00, 0x00, 0x00, 0x00, 0x04, 0x37, 0x03, 0x03, 0x07, 0x00, 0x00, 0x00, 0x00, 0x00, 0x00,
		0x00, 0x00, 0x00, 0x00, 0x00, 0x00, 0x00, 0x00, 0x03, 0x07, 0x09, 0x01, 0x02, 0x04, 0x0A, 0x17,
		0x22, 0x00, 0x00, 0x39, 0x39, 0x39, 0x39, 0x39, 0x05, 0x2E, 0x13, 0x46, 0x01, 0x1D, 0x25, 0x00,
		0x00, 0x60, 0x60, 0x60, 0x05, 0x0B, 0x05, 0x09, 0x00, 0x00, 0x00, 0x00, 0x00, 0x00, 0x00, 0x83,
		0xE7, 0x8B, 0xA9, 0xE6, 0xB4, 0xBB, 0xE3, 0x81, 0x97, 0xE3, 0x82, 0x88, 0xE3, 0x81, 0x86, 0xE3,
		0x83, 0x8B, 0xE3, 0x83, 0xA3, 0xEF, 0xBC, 0x81, 0x00, 0x00, 0x00, 0x00, 0x00, 0x00, 0x00, 0x00,
		0x00, 0x00, 0x00, 0x00, 0x00, 0x00, 0x00, 0x00, 0x00, 0x00, 0x00, 0x00, 0x00, 0x00, 0x00, 0x00,
		0x00, 0x00, 0x00, 0x00, 0x00, 0x00, 0x00, 0x00, 0x00, 0x00, 0x00, 0x00, 0xE3, 0x83, 0xB4, 0xE3,
		0x82, 0xA1, 0xE3, 0x83, 0xAA, 0xE3, 0x83, 0x83, 0xE3, 0x82, 0xAF, 0x00, 0x00, 0x00, 0x00, 0x00,
		0x00, 0x00, 0x00, 0x00, 0x00, 0x00, 0x00, 0x00, 0x00, 0x00, 0x00, 0x00, 0x00, 0x00, 0x00, 0x00,
		0x00, 0x00, 0x00, 0x00, 0x00, 0x00, 0x00, 0x00, 0x00, 0x00, 0x00, 0x00, 0x00, 0x00, 0x00, 0x00,
		0x00, 0x00, 0x00, 0x00, 0x00, 0x00, 0x00, 0x00, 0x00, 0x00, 0x00, 0x00, 0x00, 0x00, 0x00, 0x00,
		0x80, 0x05, 0x00, 0x00, 0x00, 0x00, 0x00, 0x00, 0x00, 0x00, 0x00, 0x00, 0x00, 0x00, 0x00, 0x00,
		0x00, 0x00, 0x00, 0x00, 0x00, 0x00, 0x00, 0x00, 0x00, 0x00, 0x00, 0x00, 0x00, 0x00, 0x00, 0x00,
		0xFF, 0xFF, 0xFF, 0xFF, 0xFF, 0xFF, 0xFF, 0xFF, 0xFF, 0xFF, 0xFF, 0xFF, 0xFF, 0xFF, 0x0F, 0x02,
		0x00, 0x00, 0x00, 0x00, 0x06, 0x00, 0x03, 0x00, 0x00, 0x00, 0xF5, 0xA0, 0x23, 0xFF, 0x0B, 0x93,
		0x97, 0xFF, 0x0B, 0x93, 0x97, 0xFF, 0x8B, 0xA1, 0x50, 0xFF, 0x00, 0x00, 0x00, 0xFF, 0x00, 0x00,
		0x00, 0xFF, 0x00, 0x00, 0x00, 0xFF, 0x00, 0x00, 0x00, 0xFF, 0x00, 0x00, 0x00, 0xFF, 0x00, 0x00,
		0x00, 0x00, 0xF8, 0xFF
	]),
	new Uint8Array([
		0xE3, 0x83, 0x84, 0xE3, 0x82, 0xBF, 0xE3, 0x83, 0xAA, 0xE3, 0x83, 0xBC, 0xE3, 0x83, 0x8C, 0x00,
		0x00, 0x00, 0x00, 0x00, 0x00, 0x00, 0x00, 0x00, 0x00, 0x00, 0x00, 0x00, 0x00, 0x00, 0x00, 0x00,
		0x00, 0x00, 0x00, 0x00, 0x00, 0x04, 0x37, 0x04, 0x03, 0x05, 0x00, 0x00, 0x00, 0x00, 0x00, 0x00,
		0x00, 0x00, 0x00, 0x00, 0x00, 0x00, 0x00, 0x00, 0x03, 0x05, 0x09, 0x01, 0x04, 0x15, 0x2C, 0x17,
		0x2B, 0x00, 0x00, 0x39, 0x39, 0x39, 0x39, 0x39, 0x05, 0x2E, 0x15, 0x4B, 0x19, 0x1D, 0x20, 0x00,
		0x00, 0x60, 0x60, 0x60, 0x02, 0x0B, 0x05, 0x09, 0x00, 0x00, 0x00, 0x00, 0x00, 0x00, 0x00, 0x84,
		0xE7, 0x88, 0xB6, 0xE3, 0x81, 0xAF, 0xE3, 0x83, 0x84, 0xE3, 0x82, 0xBF, 0xE3, 0x82, 0x84, 0xE3,
		0x82, 0x93, 0xE3, 0x80, 0x81, 0xE6, 0xAF, 0x8D, 0xE3, 0x81, 0xAF, 0xE3, 0x82, 0xAB, 0xE3, 0x83,
		0x97, 0xE5, 0xAD, 0x90, 0xE3, 0x83, 0x8B, 0xE3, 0x83, 0xA3, 0x00, 0x00, 0x00, 0x00, 0x00, 0x00,
		0x00, 0x00, 0x00, 0x00, 0x00, 0x00, 0x00, 0x00, 0x00, 0x00, 0x00, 0x00, 0xE8, 0x94, 0xA6, 0xE5,
		0xB1, 0x8B, 0x58, 0x49, 0x49, 0x49, 0xE4, 0xB8, 0x96, 0x00, 0x00, 0x00, 0x00, 0x00, 0x00, 0x00,
		0x00, 0x00, 0x00, 0x00, 0x00, 0x00, 0x00, 0x00, 0x00, 0x00, 0x00, 0x00, 0x00, 0x00, 0x00, 0x00,
		0x00, 0x00, 0x00, 0x00, 0x00, 0x00, 0x00, 0x00, 0x00, 0x00, 0x00, 0x00, 0x00, 0x00, 0x00, 0x00,
		0x00, 0x00, 0x00, 0x00, 0x00, 0x00, 0x00, 0x00, 0x00, 0x00, 0x00, 0x00, 0x00, 0x00, 0x00, 0x00,
		0x80, 0x05, 0x00, 0x00, 0x00, 0x00, 0x00, 0x00, 0x00, 0x00, 0x00, 0x00, 0x00, 0x00, 0x00, 0x00,
		0x00, 0x00, 0x00, 0x00, 0x00, 0x00, 0x00, 0x00, 0x00, 0x00, 0x00, 0x00, 0x00, 0x00, 0x00, 0x00,
		0xFF, 0xFF, 0xFF, 0xFF, 0xFF, 0xFF, 0xFF, 0xFF, 0xFF, 0xFF, 0xFF, 0xFF, 0xFF, 0xFF, 0x0F, 0x02,
		0x00, 0x00, 0x00, 0x00, 0x03, 0x04, 0x01, 0x00, 0x00, 0x00, 0xF0, 0xF0, 0xF0, 0xFF, 0xDF, 0x99,
		0xD6, 0xFF, 0xDF, 0x99, 0xD6, 0xFF, 0x8B, 0xA1, 0x50, 0xFF, 0x00, 0x00, 0x00, 0xFF, 0x00, 0x00,
		0x00, 0xFF, 0x00, 0x00, 0x00, 0xFF, 0x00, 0x00, 0x00, 0xFF, 0x00, 0x00, 0x00, 0xFF, 0x00, 0x00,
		0x00, 0x00, 0xF8, 0xFF
	]),
	new Uint8Array([
		0xE3, 0x83, 0x8A, 0xE3, 0x83, 0x8A, 0xE3, 0x82, 0xB3, 0xEF, 0xBC, 0xB8, 0x00, 0x00, 0x00, 0x00,
		0x00, 0x00, 0x00, 0x00, 0x00, 0x00, 0x00, 0x00, 0x00, 0x00, 0x00, 0x00, 0x00, 0x00, 0x00, 0x00,
		0x00, 0x00, 0x00, 0x00, 0x00, 0x03, 0x37, 0x05, 0x14, 0x05, 0x00, 0x00, 0x00, 0x00, 0x00, 0x00,
		0x00, 0x00, 0x00, 0x00, 0x00, 0x00, 0x00, 0x00, 0x14, 0x05, 0x09, 0x01, 0x2D, 0x04, 0x0E, 0x17,
		0x22, 0x00, 0x00, 0x39, 0x39, 0x39, 0x39, 0x39, 0x29, 0x2B, 0x13, 0x47, 0x22, 0x23, 0x2F, 0x00,
		0x00, 0x60, 0x60, 0x60, 0x05, 0x0B, 0x05, 0x09, 0x00, 0x00, 0x00, 0x00, 0x00, 0x00, 0x00, 0x85,
		0xE8, 0xBF, 0x91, 0xE3, 0x81, 0x8F, 0xE3, 0x81, 0xA6, 0xE4, 0xBE, 0xBF, 0xE5, 0x88, 0xA9, 0xE3,
		0x81, 0xAA, 0xE3, 0x82, 0xBB, 0xE3, 0x83, 0x96, 0xE3, 0x83, 0xB3, 0xE3, 0x81, 0xAB, 0xE8, 0xA1,
		0x8C, 0xE3, 0x81, 0x8F, 0xE3, 0x83, 0x8B, 0xE3, 0x83, 0xA3, 0x00, 0x00, 0x00, 0x00, 0x00, 0x00,
		0x00, 0x00, 0x00, 0x00, 0x00, 0x00, 0x00, 0x00, 0x00, 0x00, 0x00, 0x00, 0xE7, 0xAC, 0x91, 0xE9,
		0xA1, 0x94, 0xE3, 0x81, 0xAE, 0xE5, 0xBA, 0x97, 0xE5, 0x93, 0xA1, 0x00, 0x00, 0x00, 0x00, 0x00,
		0x00, 0x00, 0x00, 0x00, 0x00, 0x00, 0x00, 0x00, 0x00, 0x00, 0x00, 0x00, 0x00, 0x00, 0x00, 0x00,
		0x00, 0x00, 0x00, 0x00, 0x00, 0x00, 0x00, 0x00, 0x00, 0x00, 0x00, 0x00, 0x00, 0x00, 0x00, 0x00,
		0x00, 0x00, 0x00, 0x00, 0x00, 0x00, 0x00, 0x00, 0x00, 0x00, 0x00, 0x00, 0x00, 0x00, 0x00, 0x00,
		0x80, 0x05, 0x00, 0x00, 0x00, 0x00, 0x00, 0x00, 0x00, 0x00, 0x00, 0x00, 0x00, 0x00, 0x00, 0x00,
		0x00, 0x00, 0x00, 0x00, 0x00, 0x00, 0x00, 0x00, 0x00, 0x00, 0x00, 0x00, 0x00, 0x00, 0x00, 0x00,
		0xFF, 0xFF, 0xFF, 0xFF, 0xFF, 0xFF, 0xFF, 0xFF, 0xFF, 0xFF, 0xFF, 0xFF, 0xFF, 0xFF, 0x0F, 0x03,
		0x00, 0x00, 0x00, 0x00, 0x02, 0x02, 0x02, 0x00, 0x00, 0x00, 0xFA, 0xF1, 0x14, 0xFF, 0x73, 0xC8,
		0x76, 0xFF, 0x73, 0xC8, 0x76, 0xFF, 0x8B, 0xA1, 0x50, 0xFF, 0x00, 0x00, 0x00, 0xFF, 0x00, 0x00,
		0x00, 0xFF, 0x00, 0x00, 0x00, 0xFF, 0x00, 0x00, 0x00, 0xFF, 0x00, 0x00, 0x00, 0xFF, 0x00, 0x00,
		0x00, 0x00, 0xF8, 0xFF
	]),
	new Uint8Array([
		0xE3, 0x83, 0x91, 0xE3, 0x82, 0xBB, 0xE3, 0x83, 0xAB, 0xE3, 0x83, 0xBC, 0x00, 0x00, 0x00, 0x00,
		0x00, 0x00, 0x00, 0x00, 0x00, 0x00, 0x00, 0x00, 0x00, 0x00, 0x00, 0x00, 0x00, 0x00, 0x00, 0x00,
		0x00, 0x00, 0x00, 0x00, 0x00, 0x04, 0x37, 0x02, 0x03, 0x07, 0x00, 0x00, 0x00, 0x00, 0x00, 0x00,
		0x00, 0x00, 0x00, 0x00, 0x00, 0x00, 0x00, 0x00, 0x03, 0x07, 0x09, 0x01, 0x2D, 0x15, 0x08, 0x22,
		0x26, 0x00, 0x00, 0x39, 0x39, 0x39, 0x39, 0x39, 0x05, 0x2E, 0x07, 0x46, 0x1F, 0x1D, 0x00, 0x00,
		0x60, 0x60, 0x60, 0x60, 0x05, 0x0B, 0x06, 0x08, 0x00, 0x00, 0x00, 0x00, 0x00, 0x00, 0x00, 0x86,
		0xE3, 0x83, 0xAA, 0xE3, 0x82, 0xA2, 0xE3, 0x83, 0xAB, 0xE9, 0x9B, 0x86, 0xE4, 0xBC, 0x9A, 0xE6,
		0x89, 0x80, 0xE6, 0xA5, 0xBD, 0xE3, 0x81, 0x97, 0xE3, 0x81, 0x84, 0xE3, 0x83, 0x8B, 0xE3, 0x83,
		0xA3, 0xEF, 0xBC, 0x81, 0x00, 0x00, 0x00, 0x00, 0x00, 0x00, 0x00, 0x00, 0x00, 0x00, 0x00, 0x00,
		0x00, 0x00, 0x00, 0x00, 0x00, 0x00, 0x00, 0x00, 0x00, 0x00, 0x00, 0x00, 0xE3, 0x83, 0x91, 0xE3,
		0x82, 0xBB, 0xE3, 0x83, 0xA9, 0x00, 0x00, 0x00, 0x00, 0x00, 0x00, 0x00, 0x00, 0x00, 0x00, 0x00,
		0x00, 0x00, 0x00, 0x00, 0x00, 0x00, 0x00, 0x00, 0x00, 0x00, 0x00, 0x00, 0x00, 0x00, 0x00, 0x00,
		0x00, 0x00, 0x00, 0x00, 0x00, 0x00, 0x00, 0x00, 0x00, 0x00, 0x00, 0x00, 0x00, 0x00, 0x00, 0x00,
		0x00, 0x00, 0x00, 0x00, 0x00, 0x00, 0x00, 0x00, 0x00, 0x00, 0x00, 0x00, 0x00, 0x00, 0x00, 0x00,
		0x80, 0x05, 0x00, 0x00, 0x00, 0x00, 0x00, 0x00, 0x00, 0x00, 0x00, 0x00, 0x00, 0x00, 0x00, 0x00,
		0x00, 0x00, 0x00, 0x00, 0x00, 0x00, 0x00, 0x00, 0x00, 0x00, 0x00, 0x00, 0x00, 0x00, 0x00, 0x00,
		0xFF, 0xFF, 0xFF, 0xFF, 0xFF, 0xFF, 0xFF, 0xFF, 0xFF, 0xFF, 0xFF, 0xFF, 0xFF, 0xFF, 0x0F, 0x02,
		0x00, 0x00, 0x00, 0x00, 0x06, 0x02, 0x01, 0x00, 0x00, 0x00, 0xFF, 0xFF, 0xFF, 0xFF, 0x71, 0xDE,
		0xFF, 0xFF, 0x71, 0xDE, 0xFF, 0xFF, 0x8B, 0xA1, 0x50, 0xFF, 0x00, 0x00, 0x00, 0xFF, 0x00, 0x00,
		0x00, 0xFF, 0x00, 0x00, 0x00, 0xFF, 0x00, 0x00, 0x00, 0xFF, 0x00, 0x00, 0x00, 0xFF, 0x00, 0x00,
		0x00, 0x00, 0xF8, 0xFF
	]),
	new Uint8Array([
		0xE3, 0x81, 0x86, 0xE3, 0x81, 0x83, 0xE3, 0x81, 0xA3, 0xE3, 0x81, 0x97, 0xE3, 0x82, 0x85, 0x00,
		0x00, 0x00, 0x00, 0x00, 0x00, 0x00, 0x00, 0x00, 0x00, 0x00, 0x00, 0x00, 0x00, 0x00, 0x00, 0x00,
		0x00, 0x00, 0x00, 0x00, 0x00, 0x04, 0x37, 0x04, 0x03, 0x05, 0x00, 0x00, 0x00, 0x00, 0x00, 0x00,
		0x00, 0x00, 0x00, 0x00, 0x00, 0x00, 0x00, 0x00, 0x03, 0x05, 0x09, 0x01, 0x04, 0x21, 0x27, 0x26,
		0x2B, 0x00, 0x00, 0x39, 0x39, 0x39, 0x39, 0x39, 0x05, 0x2E, 0x0E, 0x11, 0x24, 0x28, 0x00, 0x00,
		0x60, 0x60, 0x60, 0x60, 0x02, 0x0B, 0x03, 0x08, 0x00, 0x00, 0x00, 0x00, 0x00, 0x00, 0x00, 0x87,
		0xE9, 0xA1, 0x98, 0xE3, 0x81, 0x84, 0xE3, 0x81, 0xAF, 0xE5, 0x8F, 0xB6, 0xE3, 0x81, 0x86, 0xE3,
		0x83, 0x8B, 0xE3, 0x83, 0xA3, 0xEF, 0xBC, 0x81, 0xE3, 0x81, 0x86, 0xE3, 0x81, 0x83, 0xE3, 0x81,
		0xA3, 0xE3, 0x81, 0x97, 0xE3, 0x82, 0x85, 0xEF, 0xBC, 0x81, 0x00, 0x00, 0x00, 0x00, 0x00, 0x00,
		0x00, 0x00, 0x00, 0x00, 0x00, 0x00, 0x00, 0x00, 0x00, 0x00, 0x00, 0x00, 0xEF, 0xBC, 0xA4, 0xEF,
		0xBC, 0xA1, 0xEF, 0xBC, 0xA9, 0xEF, 0xBC, 0xA7, 0xEF, 0xBC, 0xAF, 0x00, 0x00, 0x00, 0x00, 0x00,
		0x00, 0x00, 0x00, 0x00, 0x00, 0x00, 0x00, 0x00, 0x00, 0x00, 0x00, 0x00, 0x00, 0x00, 0x00, 0x00,
		0x00, 0x00, 0x00, 0x00, 0x00, 0x00, 0x00, 0x00, 0x00, 0x00, 0x00, 0x00, 0x00, 0x00, 0x00, 0x00,
		0x00, 0x00, 0x00, 0x00, 0x00, 0x00, 0x00, 0x00, 0x00, 0x00, 0x00, 0x00, 0x00, 0x00, 0x00, 0x00,
		0x80, 0x05, 0x00, 0x00, 0x00, 0x00, 0x00, 0x00, 0x00, 0x00, 0x00, 0x00, 0x00, 0x00, 0x00, 0x00,
		0x00, 0x00, 0x00, 0x00, 0x00, 0x00, 0x00, 0x00, 0x00, 0x00, 0x00, 0x00, 0x00, 0x00, 0x00, 0x00,
		0xFF, 0xFF, 0xFF, 0xFF, 0xFF, 0xFF, 0xFF, 0xFF, 0xFF, 0xFF, 0xFF, 0xFF, 0xFF, 0xFF, 0x0F, 0x02,
		0x00, 0x00, 0x00, 0x00, 0x04, 0x04, 0x03, 0x00, 0x00, 0x00, 0x8C, 0xC8, 0xDC, 0xFF, 0xFA, 0xF0,
		0x14, 0xFF, 0xFA, 0xF0, 0x14, 0xFF, 0x8B, 0xA1, 0x50, 0xFF, 0x00, 0x00, 0x00, 0xFF, 0x00, 0x00,
		0x00, 0xFF, 0x00, 0x00, 0x00, 0xFF, 0x00, 0x00, 0x00, 0xFF, 0x00, 0x00, 0x00, 0xFF, 0x00, 0x00,
		0x00, 0x00, 0xF8, 0xFF
	]),
	new Uint8Array([
		0xE3, 0x83, 0x8B, 0xE3, 0x83, 0xA3, 0xE3, 0x83, 0xB3, 0xE3, 0x83, 0x9E, 0xE3, 0x83, 0xA6, 0x00,
		0x00, 0x00, 0x00, 0x00, 0x00, 0x00, 0x00, 0x00, 0x00, 0x00, 0x00, 0x00, 0x00, 0x00, 0x00, 0x00,
		0x00, 0x00, 0x00, 0x00, 0x00, 0x04, 0x37, 0x02, 0x03, 0x05, 0x00, 0x00, 0x00, 0x00, 0x00, 0x00,
		0x00, 0x00, 0x00, 0x00, 0x00, 0x00, 0x00, 0x00, 0x03, 0x05, 0x09, 0x01, 0x04, 0x15, 0x21, 0x17,
		0x22, 0x00, 0x00, 0x39, 0x39, 0x39, 0x39, 0x39, 0x05, 0x2E, 0x17, 0x14, 0x19, 0x20, 0x23, 0x00,
		0x00, 0x60, 0x60, 0x60, 0x02, 0x0B, 0x05, 0x09, 0x00, 0x00, 0x00, 0x00, 0x00, 0x00, 0x00, 0x88,
		0xE7, 0x96, 0xB2, 0xE3, 0x82, 0x8C, 0xE3, 0x81, 0x9F, 0xE3, 0x82, 0x89, 0xE9, 0xA0, 0xBC, 0xE3,
		0x81, 0xA3, 0xE3, 0x81, 0xA6, 0xE3, 0x81, 0xBB, 0xE3, 0x81, 0x97, 0xE3, 0x81, 0x84, 0xE3, 0x83,
		0x8B, 0xE3, 0x83, 0xA3, 0x00, 0x00, 0x00, 0x00, 0x00, 0x00, 0x00, 0x00, 0x00, 0x00, 0x00, 0x00,
		0x00, 0x00, 0x00, 0x00, 0x00, 0x00, 0x00, 0x00, 0x00, 0x00, 0x00, 0x00, 0xE6, 0x9D, 0xBE, 0xE5,
		0xB2, 0xA1, 0xE8, 0x8C, 0x89, 0xE5, 0x84, 0xAA, 0x00, 0x00, 0x00, 0x00, 0x00, 0x00, 0x00, 0x00,
		0x00, 0x00, 0x00, 0x00, 0x00, 0x00, 0x00, 0x00, 0x00, 0x00, 0x00, 0x00, 0x00, 0x00, 0x00, 0x00,
		0x00, 0x00, 0x00, 0x00, 0x00, 0x00, 0x00, 0x00, 0x00, 0x00, 0x00, 0x00, 0x00, 0x00, 0x00, 0x00,
		0x00, 0x00, 0x00, 0x00, 0x00, 0x00, 0x00, 0x00, 0x00, 0x00, 0x00, 0x00, 0x00, 0x00, 0x00, 0x00,
		0x80, 0x05, 0x00, 0x00, 0x00, 0x00, 0x00, 0x00, 0x00, 0x00, 0x00, 0x00, 0x00, 0x00, 0x00, 0x00,
		0x00, 0x00, 0x00, 0x00, 0x00, 0x00, 0x00, 0x00, 0x00, 0x00, 0x00, 0x00, 0x00, 0x00, 0x00, 0x00,
		0xFF, 0xFF, 0xFF, 0xFF, 0xFF, 0xFF, 0xFF, 0xFF, 0xFF, 0xFF, 0xFF, 0xFF, 0xFF, 0xFF, 0x0F, 0x01,
		0x03, 0x00, 0x00, 0x00, 0x03, 0x02, 0x03, 0x00, 0x00, 0x00, 0x5F, 0x5F, 0x5F, 0xFF, 0xF0, 0x7D,
		0x7D, 0xFF, 0xF0, 0x7D, 0x7D, 0xFF, 0x8B, 0xA1, 0x50, 0xFF, 0x00, 0x00, 0x00, 0xFF, 0x00, 0x00,
		0x00, 0xFF, 0x00, 0x00, 0x00, 0xFF, 0x00, 0x00, 0x00, 0xFF, 0x00, 0x00, 0x00, 0xFF, 0x00, 0x00,
		0x00, 0x00, 0xF8, 0xFF
	]),
	new Uint8Array([
		0xE3, 0x82, 0xB1, 0xE3, 0x83, 0xA2, 0xE3, 0x83, 0x8E, 0xE3, 0x82, 0xAA, 0xE3, 0x82, 0xA6, 0xE3,
		0x82, 0xB8, 0x00, 0x00, 0x00, 0x00, 0x00, 0x00, 0x00, 0x00, 0x00, 0x00, 0x00, 0x00, 0x00, 0x00,
		0x00, 0x00, 0x00, 0x00, 0x00, 0x01, 0x37, 0x05, 0x1D, 0x06, 0x00, 0x00, 0x00, 0x00, 0x00, 0x00,
		0x00, 0x00, 0x00, 0x00, 0x00, 0x00, 0x00, 0x00, 0x1D, 0x06, 0x09, 0x01, 0x1C, 0x27, 0x2C, 0x28,
		0x29, 0x00, 0x00, 0x39, 0x39, 0x39, 0x39, 0x39, 0x03, 0x0A, 0x27, 0x04, 0x24, 0x0F, 0x00, 0x00,
		0x60, 0x60, 0x60, 0x60, 0x02, 0x0B, 0x06, 0x08, 0x00, 0x00, 0x00, 0x00, 0x00, 0x00, 0x00, 0x89,
		0xE3, 0x83, 0xA2, 0xE3, 0x83, 0xB3, 0xE3, 0x82, 0xB9, 0xE3, 0x82, 0xBF, 0xE3, 0x83, 0xBC, 0xE3,
		0x82, 0xA4, 0xE3, 0x83, 0xBC, 0xE3, 0x82, 0xB8, 0xE3, 0x83, 0xBC, 0xE3, 0x83, 0x80, 0xE3, 0x83,
		0x8B, 0xE3, 0x83, 0xA3, 0x00, 0x00, 0x00, 0x00, 0x00, 0x00, 0x00, 0x00, 0x00, 0x00, 0x00, 0x00,
		0x00, 0x00, 0x00, 0x00, 0x00, 0x00, 0x00, 0x00, 0x00, 0x00, 0x00, 0x00, 0xE3, 0x82, 0xBF, 0xE3,
		0x82, 0xB1, 0xE3, 0x82, 0xA4, 0xE3, 0x82, 0xBD, 0xE3, 0x82, 0xA6, 0x00, 0x00, 0x00, 0x00, 0x00,
		0x00, 0x00, 0x00, 0x00, 0x00, 0x00, 0x00, 0x00, 0x00, 0x00, 0x00, 0x00, 0x00, 0x00, 0x00, 0x00,
		0x00, 0x00, 0x00, 0x00, 0x00, 0x00, 0x00, 0x00, 0x00, 0x00, 0x00, 0x00, 0x00, 0x00, 0x00, 0x00,
		0x00, 0x00, 0x00, 0x00, 0x00, 0x00, 0x00, 0x00, 0x00, 0x00, 0x00, 0x00, 0x00, 0x00, 0x00, 0x00,
		0x80, 0x05, 0x00, 0x00, 0x00, 0x00, 0x00, 0x00, 0x00, 0x00, 0x00, 0x00, 0x00, 0x00, 0x00, 0x00,
		0x00, 0x00, 0x00, 0x00, 0x00, 0x00, 0x00, 0x00, 0x00, 0x00, 0x00, 0x00, 0x00, 0x00, 0x00, 0x00,
		0xFF, 0xFF, 0xFF, 0xFF, 0xFF, 0xFF, 0xFF, 0xFF, 0xFF, 0xFF, 0xFF, 0xFF, 0xFF, 0xFF, 0x0F, 0x02,
		0x02, 0x00, 0x00, 0x00, 0x06, 0x04, 0x02, 0x00, 0x00, 0x00, 0xF0, 0xDC, 0x3C, 0xFF, 0xFF, 0xFF,
		0x00, 0xFF, 0xFF, 0xFF, 0x00, 0xFF, 0x8B, 0xA1, 0x50, 0xFF, 0x00, 0x00, 0x00, 0xFF, 0x00, 0x00,
		0x00, 0xFF, 0x00, 0x00, 0x00, 0xFF, 0x00, 0x00, 0x00, 0xFF, 0x00, 0x00, 0x00, 0xFF, 0x00, 0x00,
		0x00, 0x00, 0xF8, 0xFF
	]),
	new Uint8Array([
		0xEF, 0xBD, 0x95, 0xEF, 0xBD, 0x85, 0xEF, 0xBC, 0x8E, 0x00, 0x00, 0x00, 0x00, 0x00, 0x00, 0x00,
		0x00, 0x00, 0x00, 0x00, 0x00, 0x00, 0x00, 0x00, 0x00, 0x00, 0x00, 0x00, 0x00, 0x00, 0x00, 0x00,
		0x00, 0x00, 0x00, 0x00, 0x00, 0x06, 0x37, 0x03, 0x25, 0x1B, 0x00, 0x00, 0x00, 0x00, 0x00, 0x00,
		0x00, 0x00, 0x00, 0x00, 0x00, 0x00, 0x00, 0x00, 0x25, 0x1B, 0x09, 0x01, 0x24, 0x15, 0x08, 0x19,
		0x20, 0x00, 0x00, 0x39, 0x39, 0x39, 0x39, 0x39, 0x2C, 0x16, 0x13, 0x0E, 0x1F, 0x1D, 0x00, 0x00,
		0x60, 0x60, 0x60, 0x60, 0x05, 0x0B, 0x06, 0x08, 0x00, 0x00, 0x00, 0x00, 0x00, 0x00, 0x00, 0x8A,
		0xE3, 0x81, 0xAD, 0xE3, 0x81, 0x93, 0xE3, 0x81, 0x9D, 0xE3, 0x81, 0x8E, 0xE3, 0x81, 0xB6, 0xE3,
		0x82, 0x93, 0xE3, 0x81, 0xA9, 0xE3, 0x82, 0x8B, 0xE3, 0x83, 0x8B, 0xE3, 0x83, 0xA3, 0x00, 0x00,
		0x00, 0x00, 0x00, 0x00, 0x00, 0x00, 0x00, 0x00, 0x00, 0x00, 0x00, 0x00, 0x00, 0x00, 0x00, 0x00,
		0x00, 0x00, 0x00, 0x00, 0x00, 0x00, 0x00, 0x00, 0x00, 0x00, 0x00, 0x00, 0xEF, 0xBD, 0x89, 0xEF,
		0xBD, 0x8E, 0xEF, 0xBD, 0x8F, 0xEF, 0xBC, 0x8E, 0x00, 0x00, 0x00, 0x00, 0x00, 0x00, 0x00, 0x00,
		0x00, 0x00, 0x00, 0x00, 0x00, 0x00, 0x00, 0x00, 0x00, 0x00, 0x00, 0x00, 0x00, 0x00, 0x00, 0x00,
		0x00, 0x00, 0x00, 0x00, 0x00, 0x00, 0x00, 0x00, 0x00, 0x00, 0x00, 0x00, 0x00, 0x00, 0x00, 0x00,
		0x00, 0x00, 0x00, 0x00, 0x00, 0x00, 0x00, 0x00, 0x00, 0x00, 0x00, 0x00, 0x00, 0x00, 0x00, 0x00,
		0x80, 0x05, 0x00, 0x00, 0x00, 0x00, 0x00, 0x00, 0x00, 0x00, 0x00, 0x00, 0x00, 0x00, 0x00, 0x00,
		0x00, 0x00, 0x00, 0x00, 0x00, 0x00, 0x00, 0x00, 0x00, 0x00, 0x00, 0x00, 0x00, 0x00, 0x00, 0x00,
		0xFF, 0xFF, 0xFF, 0xFF, 0xFF, 0xFF, 0xFF, 0xFF, 0xFF, 0xFF, 0xFF, 0xFF, 0xFF, 0xFF, 0x0F, 0x03,
		0x04, 0x00, 0x00, 0x00, 0x03, 0x00, 0x02, 0x00, 0x00, 0x00, 0x0A, 0x0A, 0x0A, 0xFF, 0x0A, 0x0A,
		0x0A, 0xFF, 0x0A, 0x0A, 0x0A, 0xFF, 0x8B, 0xA1, 0x50, 0xFF, 0x00, 0x00, 0x00, 0xFF, 0x00, 0x00,
		0x00, 0xFF, 0x00, 0x00, 0x00, 0xFF, 0x00, 0x00, 0x00, 0xFF, 0x00, 0x00, 0x00, 0xFF, 0x00, 0x00,
		0x00, 0x00, 0xF8, 0xFF
	]),
	new Uint8Array([
		0xE3, 0x82, 0xBD, 0xE3, 0x83, 0xA1, 0x00, 0x00, 0x00, 0x00, 0x00, 0x00, 0x00, 0x00, 0x00, 0x00,
		0x00, 0x00, 0x00, 0x00, 0x00, 0x00, 0x00, 0x00, 0x00, 0x00, 0x00, 0x00, 0x00, 0x00, 0x00, 0x00,
		0x00, 0x00, 0x00, 0x00, 0x00, 0x00, 0x37, 0x04, 0x1F, 0x00, 0x00, 0x00, 0x00, 0x00, 0x00, 0x00,
		0x00, 0x00, 0x00, 0x00, 0x00, 0x00, 0x00, 0x00, 0x1F, 0x09, 0x01, 0x04, 0x0B, 0x0F, 0x10, 0x0E,
		0x00, 0x00, 0x00, 0x39, 0x39, 0x39, 0x39, 0x39, 0x2D, 0x26, 0x0D, 0x11, 0x28, 0x19, 0x00, 0x00,
		0x60, 0x60, 0x60, 0x60, 0x03, 0x0B, 0x06, 0x08, 0x00, 0x00, 0x00, 0x00, 0x00, 0x00, 0x00, 0x8B,
		0xE3, 0x81, 0x8C, 0xE3, 0x82, 0x93, 0xE3, 0x81, 0xB0, 0xE3, 0x82, 0x8B, 0xE3, 0x83, 0x8B, 0xE3,
		0x83, 0xA3, 0x00, 0x00, 0x00, 0x00, 0x00, 0x00, 0x00, 0x00, 0x00, 0x00, 0x00, 0x00, 0x00, 0x00,
		0x00, 0x00, 0x00, 0x00, 0x00, 0x00, 0x00, 0x00, 0x00, 0x00, 0x00, 0x00, 0x00, 0x00, 0x00, 0x00,
		0x00, 0x00, 0x00, 0x00, 0x00, 0x00, 0x00, 0x00, 0x00, 0x00, 0x00, 0x00, 0xE6, 0x9F, 0x93, 0xE8,
		0xB0, 0xB7, 0xE5, 0xB0, 0x86, 0xE5, 0xA4, 0xAA, 0x00, 0x00, 0x00, 0x00, 0x00, 0x00, 0x00, 0x00,
		0x00, 0x00, 0x00, 0x00, 0x00, 0x00, 0x00, 0x00, 0x00, 0x00, 0x00, 0x00, 0x00, 0x00, 0x00, 0x00,
		0x00, 0x00, 0x00, 0x00, 0x00, 0x00, 0x00, 0x00, 0x00, 0x00, 0x00, 0x00, 0x00, 0x00, 0x00, 0x00,
		0x00, 0x00, 0x00, 0x00, 0x00, 0x00, 0x00, 0x00, 0x00, 0x00, 0x00, 0x00, 0x00, 0x00, 0x00, 0x00,
		0x80, 0x05, 0x00, 0x00, 0x00, 0x00, 0x00, 0x00, 0x00, 0x00, 0x00, 0x00, 0x00, 0x00, 0x00, 0x00,
		0x00, 0x00, 0x00, 0x00, 0x00, 0x00, 0x00, 0x00, 0x00, 0x00, 0x00, 0x00, 0x00, 0x00, 0x00, 0x00,
		0xFF, 0xFF, 0xFF, 0xFF, 0xFF, 0xFF, 0xFF, 0xFF, 0xFF, 0xFF, 0xFF, 0xFF, 0xFF, 0xFF, 0x0F, 0x01,
		0x03, 0x00, 0x00, 0x00, 0x00, 0x02, 0x00, 0x00, 0x00, 0x00, 0xFF, 0xDC, 0xBE, 0xFF, 0xEB, 0xF5,
		0xFF, 0xFF, 0xEB, 0xF5, 0xFF, 0xFF, 0x8B, 0xA1, 0x50, 0xFF, 0x00, 0x00, 0x00, 0xFF, 0x00, 0x00,
		0x00, 0xFF, 0x00, 0x00, 0x00, 0xFF, 0x00, 0x00, 0x00, 0xFF, 0x00, 0x00, 0x00, 0xFF, 0x00, 0x00,
		0x00, 0x00, 0xF8, 0xFF
	]),
	new Uint8Array([
		0x52, 0x4F, 0x43, 0x4B, 0x20, 0x53, 0x54, 0x45, 0x50, 0x00, 0x00, 0x00, 0x00, 0x00, 0x00, 0x00,
		0x00, 0x00, 0x00, 0x00, 0x00, 0x00, 0x00, 0x00, 0x00, 0x00, 0x00, 0x00, 0x00, 0x00, 0x00, 0x00,
		0x00, 0x00, 0x00, 0x00, 0x00, 0x05, 0x37, 0x05, 0x0C, 0x1B, 0x00, 0x00, 0x00, 0x00, 0x00, 0x00,
		0x00, 0x00, 0x00, 0x00, 0x00, 0x00, 0x00, 0x00, 0x0C, 0x1B, 0x09, 0x01, 0x0F, 0x10, 0x15, 0x22,
		0x23, 0x00, 0x00, 0x39, 0x39, 0x39, 0x39, 0x39, 0x18, 0x0B, 0x07, 0x1C, 0x24, 0x1D, 0x00, 0x00,
		0x60, 0x60, 0x60, 0x60, 0x02, 0x0B, 0x06, 0x08, 0x00, 0x00, 0x00, 0x00, 0x00, 0x00, 0x00, 0x8C,
		0xE7, 0xB4, 0xA0, 0xE6, 0x95, 0xB5, 0xE3, 0x81, 0xAA, 0xE3, 0x82, 0xB9, 0xE3, 0x83, 0x86, 0xE3,
		0x83, 0x83, 0xE3, 0x83, 0x97, 0xE3, 0x81, 0xA7, 0xE6, 0x94, 0xBB, 0xE6, 0x92, 0x83, 0xE3, 0x83,
		0x8B, 0xE3, 0x83, 0xA3, 0xEF, 0xBC, 0x81, 0x00, 0x00, 0x00, 0x00, 0x00, 0x00, 0x00, 0x00, 0x00,
		0x00, 0x00, 0x00, 0x00, 0x00, 0x00, 0x00, 0x00, 0x00, 0x00, 0x00, 0x00, 0xEF, 0xBC, 0xA4, 0xEF,
		0xBC, 0xA1, 0xEF, 0xBC, 0xA9, 0xEF, 0xBC, 0xA7, 0xEF, 0xBC, 0xAF, 0x00, 0x00, 0x00, 0x00, 0x00,
		0x00, 0x00, 0x00, 0x00, 0x00, 0x00, 0x00, 0x00, 0x00, 0x00, 0x00, 0x00, 0x00, 0x00, 0x00, 0x00,
		0x00, 0x00, 0x00, 0x00, 0x00, 0x00, 0x00, 0x00, 0x00, 0x00, 0x00, 0x00, 0x00, 0x00, 0x00, 0x00,
		0x00, 0x00, 0x00, 0x00, 0x00, 0x00, 0x00, 0x00, 0x00, 0x00, 0x00, 0x00, 0x00, 0x00, 0x00, 0x00,
		0x80, 0x05, 0x00, 0x00, 0x00, 0x00, 0x00, 0x00, 0x00, 0x00, 0x00, 0x00, 0x00, 0x00, 0x00, 0x00,
		0x00, 0x00, 0x00, 0x00, 0x00, 0x00, 0x00, 0x00, 0x00, 0x00, 0x00, 0x00, 0x00, 0x00, 0x00, 0x00,
		0xFF, 0xFF, 0xFF, 0xFF, 0xFF, 0xFF, 0xFF, 0xFF, 0xFF, 0xFF, 0xFF, 0xFF, 0xFF, 0xFF, 0x0F, 0x03,
		0x02, 0x00, 0x00, 0x00, 0x00, 0x02, 0x04, 0x00, 0x00, 0x00, 0x30, 0x2E, 0x48, 0xFF, 0xED, 0x87,
		0x40, 0xFF, 0xED, 0x87, 0x40, 0xFF, 0x8B, 0xA1, 0x50, 0xFF, 0x00, 0x00, 0x00, 0xFF, 0x00, 0x00,
		0x00, 0xFF, 0x00, 0x00, 0x00, 0xFF, 0x00, 0x00, 0x00, 0xFF, 0x00, 0x00, 0x00, 0xFF, 0x00, 0x00,
		0x00, 0x00, 0xF8, 0xFF
	]),
	new Uint8Array([
		0xE3, 0x82, 0xB2, 0xE3, 0x83, 0x83, 0xE3, 0x82, 0xBF, 0xE3, 0x83, 0xBC, 0x00, 0x00, 0x00, 0x00,
		0x00, 0x00, 0x00, 0x00, 0x00, 0x00, 0x00, 0x00, 0x00, 0x00, 0x00, 0x00, 0x00, 0x00, 0x00, 0x00,
		0x00, 0x00, 0x00, 0x00, 0x00, 0x04, 0x37, 0x03, 0x03, 0x05, 0x00, 0x00, 0x00, 0x00, 0x00, 0x00,
		0x00, 0x00, 0x00, 0x00, 0x00, 0x00, 0x00, 0x00, 0x03, 0x05, 0x09, 0x01, 0x13, 0x21, 0x17, 0x2A,
		0x2B, 0x00, 0x00, 0x39, 0x39, 0x39, 0x39, 0x39, 0x05, 0x2E, 0x13, 0x14, 0x24, 0x25, 0x00, 0x00,
		0x60, 0x60, 0x60, 0x60, 0x05, 0x0B, 0x06, 0x08, 0x00, 0x00, 0x00, 0x00, 0x00, 0x00, 0x00, 0x8D,
		0xE9, 0x96, 0x8B, 0xE9, 0x81, 0x8B, 0xE3, 0x83, 0x8B, 0xE3, 0x83, 0xA3, 0xEF, 0xBC, 0x81, 0x00,
		0x00, 0x00, 0x00, 0x00, 0x00, 0x00, 0x00, 0x00, 0x00, 0x00, 0x00, 0x00, 0x00, 0x00, 0x00, 0x00,
		0x00, 0x00, 0x00, 0x00, 0x00, 0x00, 0x00, 0x00, 0x00, 0x00, 0x00, 0x00, 0x00, 0x00, 0x00, 0x00,
		0x00, 0x00, 0x00, 0x00, 0x00, 0x00, 0x00, 0x00, 0x00, 0x00, 0x00, 0x00, 0xEF, 0xBD, 0xB9, 0xEF,
		0xBE, 0x9E, 0xEF, 0xBD, 0xAF, 0xEF, 0xBE, 0x80, 0xEF, 0xBD, 0xB0, 0xEF, 0xBD, 0xBD, 0xEF, 0xBE,
		0x9E, 0xE9, 0xA3, 0xAF, 0xE7, 0x94, 0xB0, 0x00, 0x00, 0x00, 0x00, 0x00, 0x00, 0x00, 0x00, 0x00,
		0x00, 0x00, 0x00, 0x00, 0x00, 0x00, 0x00, 0x00, 0x00, 0x00, 0x00, 0x00, 0x00, 0x00, 0x00, 0x00,
		0x00, 0x00, 0x00, 0x00, 0x00, 0x00, 0x00, 0x00, 0x00, 0x00, 0x00, 0x00, 0x00, 0x00, 0x00, 0x00,
		0x80, 0x05, 0x00, 0x00, 0x00, 0x00, 0x00, 0x00, 0x00, 0x00, 0x00, 0x00, 0x00, 0x00, 0x00, 0x00,
		0x00, 0x00, 0x00, 0x00, 0x00, 0x00, 0x00, 0x00, 0x00, 0x00, 0x00, 0x00, 0x00, 0x00, 0x00, 0x00,
		0xFF, 0xFF, 0xFF, 0xFF, 0xFF, 0xFF, 0xFF, 0xFF, 0xFF, 0xFF, 0xFF, 0xFF, 0xFF, 0xFF, 0x0F, 0x03,
		0x00, 0x00, 0x00, 0x00, 0x03, 0x03, 0x04, 0x00, 0x00, 0x00, 0xFF, 0x91, 0xB9, 0xFF, 0x96, 0x46,
		0x0A, 0xFF, 0x96, 0x46, 0x0A, 0xFF, 0x8B, 0xA1, 0x50, 0xFF, 0x00, 0x00, 0x00, 0xFF, 0x00, 0x00,
		0x00, 0xFF, 0x00, 0x00, 0x00, 0xFF, 0x00, 0x00, 0x00, 0xFF, 0x00, 0x00, 0x00, 0xFF, 0x00, 0x00,
		0x00, 0x00, 0xF8, 0xFF
	]),
	new Uint8Array([
		0xE3, 0x82, 0xBB, 0xE3, 0x83, 0x96, 0xE3, 0x83, 0xB3, 0xEF, 0xBC, 0xB8, 0x00, 0x00, 0x00, 0x00,
		0x00, 0x00, 0x00, 0x00, 0x00, 0x00, 0x00, 0x00, 0x00, 0x00, 0x00, 0x00, 0x00, 0x00, 0x00, 0x00,
		0x00, 0x00, 0x00, 0x00, 0x00, 0x02, 0x37, 0x05, 0x1E, 0x18, 0x00, 0x00, 0x00, 0x00, 0x00, 0x00,
		0x00, 0x00, 0x00, 0x00, 0x00, 0x00, 0x00, 0x00, 0x1E, 0x18, 0x09, 0x01, 0x02, 0x16, 0x08, 0x19,
		0x20, 0x00, 0x00, 0x39, 0x39, 0x39, 0x39, 0x39, 0x10, 0x12, 0x17, 0x46, 0x21, 0x25, 0x2A, 0x00,
		0x00, 0x60, 0x60, 0x60, 0x05, 0x0B, 0x05, 0x09, 0x00, 0x00, 0x00, 0x00, 0x00, 0x00, 0x00, 0x8E,
		0xEF, 0xBC, 0x97, 0xE3, 0x82, 0xAB, 0xE3, 0x83, 0x95, 0xE3, 0x82, 0xA7, 0xE3, 0x83, 0x89, 0xE3,
		0x83, 0xBC, 0xE3, 0x83, 0x8A, 0xE3, 0x83, 0x84, 0xE5, 0xA4, 0xA7, 0xE5, 0xA5, 0xBD, 0xE3, 0x81,
		0x8D, 0xE3, 0x83, 0x8B, 0xE3, 0x83, 0xA3, 0x00, 0x00, 0x00, 0x00, 0x00, 0x00, 0x00, 0x00, 0x00,
		0x00, 0x00, 0x00, 0x00, 0x00, 0x00, 0x00, 0x00, 0x00, 0x00, 0x00, 0x00, 0xE5, 0x85, 0x83, 0xE6,
		0xB0, 0x97, 0xE3, 0x81, 0xAA, 0xE5, 0xBA, 0x97, 0xE5, 0x93, 0xA1, 0x00, 0x00, 0x00, 0x00, 0x00,
		0x00, 0x00, 0x00, 0x00, 0x00, 0x00, 0x00, 0x00, 0x00, 0x00, 0x00, 0x00, 0x00, 0x00, 0x00, 0x00,
		0x00, 0x00, 0x00, 0x00, 0x00, 0x00, 0x00, 0x00, 0x00, 0x00, 0x00, 0x00, 0x00, 0x00, 0x00, 0x00,
		0x00, 0x00, 0x00, 0x00, 0x00, 0x00, 0x00, 0x00, 0x00, 0x00, 0x00, 0x00, 0x00, 0x00, 0x00, 0x00,
		0x80, 0x05, 0x00, 0x00, 0x00, 0x00, 0x00, 0x00, 0x00, 0x00, 0x00, 0x00, 0x00, 0x00, 0x00, 0x00,
		0x00, 0x00, 0x00, 0x00, 0x00, 0x00, 0x00, 0x00, 0x00, 0x00, 0x00, 0x00, 0x00, 0x00, 0x00, 0x00,
		0xFF, 0xFF, 0xFF, 0xFF, 0xFF, 0xFF, 0xFF, 0xFF, 0xFF, 0xFF, 0xFF, 0xFF, 0xFF, 0xFF, 0x0F, 0x02,
		0x01, 0x00, 0x00, 0x00, 0x04, 0x02, 0x03, 0x00, 0x00, 0x00, 0xF1, 0x82, 0x00, 0xFF, 0x00, 0x99,
		0x46, 0xFF, 0x00, 0x99, 0x46, 0xFF, 0x8B, 0xA1, 0x50, 0xFF, 0x00, 0x00, 0x00, 0xFF, 0x00, 0x00,
		0x00, 0xFF, 0x00, 0x00, 0x00, 0xFF, 0x00, 0x00, 0x00, 0xFF, 0x00, 0x00, 0x00, 0xFF, 0x00, 0x00,
		0x00, 0x00, 0xF8, 0xFF
	]),
	new Uint8Array([
		0xE3, 0x82, 0xA4, 0xE3, 0x83, 0x84, 0xE3, 0x82, 0xB6, 0xE3, 0x82, 0xA4, 0x00, 0x00, 0x00, 0x00,
		0x00, 0x00, 0x00, 0x00, 0x00, 0x00, 0x00, 0x00, 0x00, 0x00, 0x00, 0x00, 0x00, 0x00, 0x00, 0x00,
		0x00, 0x00, 0x00, 0x00, 0x00, 0x03, 0x37, 0x05, 0x14, 0x05, 0x00, 0x00, 0x00, 0x00, 0x00, 0x00,
		0x00, 0x00, 0x00, 0x00, 0x00, 0x00, 0x00, 0x00, 0x14, 0x05, 0x09, 0x01, 0x1C, 0x2C, 0x08, 0x19,
		0x26, 0x28, 0x00, 0x00, 0x39, 0x39, 0x39, 0x39, 0x29, 0x2B, 0x27, 0x0E, 0x24, 0x2A, 0x00, 0x00,
		0x60, 0x60, 0x60, 0x60, 0x01, 0x0C, 0x06, 0x08, 0x00, 0x00, 0x00, 0x00, 0x00, 0x00, 0x00, 0x8F,
		0xEF, 0xBC, 0x91, 0xEF, 0xBC, 0x90, 0xEF, 0xBC, 0x90, 0xE5, 0xB9, 0xB4, 0xE3, 0x81, 0xAB, 0xE4,
		0xB8, 0x80, 0xE5, 0x8C, 0xB9, 0xE3, 0x81, 0xAE, 0xE3, 0x82, 0xA2, 0xE3, 0x82, 0xA4, 0xE3, 0x83,
		0xAB, 0xE3, 0x83, 0xBC, 0xE3, 0x83, 0x8B, 0xE3, 0x83, 0xA3, 0x00, 0x00, 0x00, 0x00, 0x00, 0x00,
		0x00, 0x00, 0x00, 0x00, 0x00, 0x00, 0x00, 0x00, 0x00, 0x00, 0x00, 0x00, 0xE6, 0xA3, 0x9A, 0xE6,
		0xA9, 0x8B, 0xE5, 0xBC, 0x98, 0xE8, 0x87, 0xB3, 0x00, 0x00, 0x00, 0x00, 0x00, 0x00, 0x00, 0x00,
		0x00, 0x00, 0x00, 0x00, 0x00, 0x00, 0x00, 0x00, 0x00, 0x00, 0x00, 0x00, 0x00, 0x00, 0x00, 0x00,
		0x00, 0x00, 0x00, 0x00, 0x00, 0x00, 0x00, 0x00, 0x00, 0x00, 0x00, 0x00, 0x00, 0x00, 0x00, 0x00,
		0x00, 0x00, 0x00, 0x00, 0x00, 0x00, 0x00, 0x00, 0x00, 0x00, 0x00, 0x00, 0x00, 0x00, 0x00, 0x00,
		0x80, 0x05, 0x00, 0x00, 0x00, 0x00, 0x00, 0x00, 0x00, 0x00, 0x00, 0x00, 0x00, 0x00, 0x00, 0x00,
		0x00, 0x00, 0x00, 0x00, 0x00, 0x00, 0x00, 0x00, 0x00, 0x00, 0x00, 0x00, 0x00, 0x00, 0x00, 0x00,
		0xFF, 0xFF, 0xFF, 0xFF, 0xFF, 0xFF, 0xFF, 0xFF, 0xFF, 0xFF, 0xFF, 0xFF, 0xFF, 0xFF, 0x0F, 0x01,
		0x01, 0x00, 0x00, 0x00, 0x03, 0x03, 0x03, 0x00, 0x00, 0x00, 0xE6, 0x00, 0x00, 0xFF, 0xEB, 0xF5,
		0xFF, 0xFF, 0xEB, 0xF5, 0xFF, 0xFF, 0x8B, 0xA1, 0x50, 0xFF, 0x00, 0x00, 0x00, 0xFF, 0x00, 0x00,
		0x00, 0xFF, 0x00, 0x00, 0x00, 0xFF, 0x00, 0x00, 0x00, 0xFF, 0x00, 0x00, 0x00, 0xFF, 0x00, 0x00,
		0x00, 0x00, 0xF8, 0xFF
	]),
	new Uint8Array([
		0xE3, 0x82, 0xB9, 0xE3, 0x82, 0xAF, 0xE3, 0x83, 0x8B, 0xE3, 0x83, 0xA3, 0xE3, 0x83, 0x83, 0xE3,
		0x83, 0x97, 0x00, 0x00, 0x00, 0x00, 0x00, 0x00, 0x00, 0x00, 0x00, 0x00, 0x00, 0x00, 0x00, 0x00,
		0x00, 0x00, 0x00, 0x00, 0x00, 0x03, 0x37, 0x05, 0x14, 0x05, 0x00, 0x00, 0x00, 0x00, 0x00, 0x00,
		0x00, 0x00, 0x00, 0x00, 0x00, 0x00, 0x00, 0x00, 0x14, 0x05, 0x09, 0x01, 0x02, 0x0F, 0x21, 0x30,
		0x00, 0x00, 0x39, 0x39, 0x39, 0x39, 0x39, 0x39, 0x29, 0x2B, 0x13, 0x14, 0x5B, 0x23, 0x00, 0x00,
		0x60, 0x60, 0x60, 0x60, 0x06, 0x0A, 0x06, 0x08, 0x00, 0x00, 0x00, 0x00, 0x00, 0x00, 0x00, 0x90,
		0xE3, 0x81, 0xB2, 0xE3, 0x81, 0xA8, 0xE8, 0xA7, 0xA3, 0xE3, 0x81, 0x8D, 0xE3, 0x81, 0x84, 0xE3,
		0x81, 0x93, 0xE3, 0x81, 0x86, 0xE3, 0x83, 0x8B, 0xE3, 0x83, 0xA3, 0xEF, 0xBC, 0x81, 0x00, 0x00,
		0x00, 0x00, 0x00, 0x00, 0x00, 0x00, 0x00, 0x00, 0x00, 0x00, 0x00, 0x00, 0x00, 0x00, 0x00, 0x00,
		0x00, 0x00, 0x00, 0x00, 0x00, 0x00, 0x00, 0x00, 0x00, 0x00, 0x00, 0x00, 0xE3, 0x83, 0xAA, 0xE3,
		0x82, 0xA2, 0xE3, 0x83, 0xAB, 0xE8, 0x84, 0xB1, 0xE5, 0x87, 0xBA, 0x00, 0x00, 0x00, 0x00, 0x00,
		0x00, 0x00, 0x00, 0x00, 0x00, 0x00, 0x00, 0x00, 0x00, 0x00, 0x00, 0x00, 0x00, 0x00, 0x00, 0x00,
		0x00, 0x00, 0x00, 0x00, 0x00, 0x00, 0x00, 0x00, 0x00, 0x00, 0x00, 0x00, 0x00, 0x00, 0x00, 0x00,
		0x00, 0x00, 0x00, 0x00, 0x00, 0x00, 0x00, 0x00, 0x00, 0x00, 0x00, 0x00, 0x00, 0x00, 0x00, 0x00,
		0x80, 0x05, 0x00, 0x00, 0x00, 0x00, 0x00, 0x00, 0x00, 0x00, 0x00, 0x00, 0x00, 0x00, 0x00, 0x00,
		0x00, 0x00, 0x00, 0x00, 0x00, 0x00, 0x00, 0x00, 0x00, 0x00, 0x00, 0x00, 0x00, 0x00, 0x00, 0x00,
		0xFF, 0xFF, 0xFF, 0xFF, 0xFF, 0xFF, 0xFF, 0xFF, 0xFF, 0xFF, 0xFF, 0xFF, 0xFF, 0xFF, 0x0F, 0x02,
		0x01, 0x00, 0x00, 0x00, 0x00, 0x02, 0x02, 0x00, 0x00, 0x00, 0xA1, 0x73, 0x45, 0xFF, 0xFF, 0xDB,
		0x4F, 0xFF, 0xFF, 0xDB, 0x4F, 0xFF, 0x8B, 0xA1, 0x50, 0xFF, 0x00, 0x00, 0x00, 0xFF, 0x00, 0x00,
		0x00, 0xFF, 0x00, 0x00, 0x00, 0xFF, 0x00, 0x00, 0x00, 0xFF, 0x00, 0x00, 0x00, 0xFF, 0x00, 0x00,
		0x00, 0x00, 0xF8, 0xFF
	]),
	new Uint8Array([
		0xE3, 0x83, 0xA6, 0xE3, 0x83, 0x8B, 0xE3, 0x83, 0x90, 0xE3, 0x83, 0xBC, 0xEF, 0xBC, 0xB8, 0xEF,
		0xBC, 0xB8, 0x00, 0x00, 0x00, 0x00, 0x00, 0x00, 0x00, 0x00, 0x00, 0x00, 0x00, 0x00, 0x00, 0x00,
		0x00, 0x00, 0x00, 0x00, 0x00, 0x07, 0x37, 0x05, 0x2E, 0x2F, 0x00, 0x00, 0x00, 0x00, 0x00, 0x00,
		0x00, 0x00, 0x00, 0x00, 0x00, 0x00, 0x00, 0x00, 0x2E, 0x2F, 0x09, 0x01, 0x1C, 0x27, 0x38, 0x26,
		0x34, 0x00, 0x00, 0x39, 0x39, 0x39, 0x39, 0x39, 0x4D, 0x4E, 0x0C, 0x5A, 0x28, 0x08, 0x00, 0x00,
		0x60, 0x60, 0x60, 0x60, 0x02, 0x0B, 0x06, 0x08, 0x00, 0x00, 0x00, 0x00, 0x00, 0x00, 0x00, 0x91,
		0xE3, 0x83, 0x91, 0xE3, 0x83, 0xBC, 0xE3, 0x82, 0xAF, 0xE3, 0x81, 0xAE, 0xE7, 0x8B, 0xA9, 0xE3,
		0x82, 0x8A, 0xE3, 0x81, 0x8C, 0xE6, 0x9B, 0xB4, 0xE3, 0x81, 0xAB, 0xE3, 0x82, 0xAF, 0xE3, 0x83,
		0xAD, 0xE3, 0x82, 0xB9, 0xE3, 0x83, 0x8B, 0xE3, 0x83, 0xA3, 0x00, 0x00, 0x00, 0x00, 0x00, 0x00,
		0x00, 0x00, 0x00, 0x00, 0x00, 0x00, 0x00, 0x00, 0x00, 0x00, 0x00, 0x00, 0xEF, 0xBC, 0xB5, 0xEF,
		0xBC, 0xB3, 0xEF, 0xBC, 0xAA, 0x00, 0x00, 0x00, 0x00, 0x00, 0x00, 0x00, 0x00, 0x00, 0x00, 0x00,
		0x00, 0x00, 0x00, 0x00, 0x00, 0x00, 0x00, 0x00, 0x00, 0x00, 0x00, 0x00, 0x00, 0x00, 0x00, 0x00,
		0x00, 0x00, 0x00, 0x00, 0x00, 0x00, 0x00, 0x00, 0x00, 0x00, 0x00, 0x00, 0x00, 0x00, 0x00, 0x00,
		0x00, 0x00, 0x00, 0x00, 0x00, 0x00, 0x00, 0x00, 0x00, 0x00, 0x00, 0x00, 0x00, 0x00, 0x00, 0x00,
		0x80, 0x05, 0x00, 0x00, 0x00, 0x00, 0x00, 0x00, 0x00, 0x00, 0x00, 0x00, 0x00, 0x00, 0x00, 0x00,
		0x00, 0x00, 0x00, 0x00, 0x00, 0x00, 0x00, 0x00, 0x00, 0x00, 0x00, 0x00, 0x00, 0x00, 0x00, 0x00,
		0xFF, 0xFF, 0xFF, 0xFF, 0xFF, 0xFF, 0xFF, 0xFF, 0xFF, 0xFF, 0xFF, 0xFF, 0xFF, 0xFF, 0x0F, 0x01,
		0x00, 0x00, 0x00, 0x00, 0x02, 0x00, 0x01, 0x00, 0x00, 0x00, 0x3C, 0x5D, 0xE9, 0xFF, 0x8E, 0xF3,
		0xB0, 0xFF, 0x8E, 0xF3, 0xB0, 0xFF, 0x8B, 0xA1, 0x50, 0xFF, 0x00, 0x00, 0x00, 0xFF, 0x00, 0x00,
		0x00, 0xFF, 0x00, 0x00, 0x00, 0xFF, 0x00, 0x00, 0x00, 0xFF, 0x00, 0x00, 0x00, 0xFF, 0x00, 0x00,
		0x00, 0x00, 0xF8, 0xFF
	]),
	new Uint8Array([
		0xE9, 0x8A, 0x80, 0xE3, 0x81, 0xA1, 0xE3, 0x82, 0x83, 0xE3, 0x82, 0x93, 0x00, 0x00, 0x00, 0x00,
		0x00, 0x00, 0x00, 0x00, 0x00, 0x00, 0x00, 0x00, 0x00, 0x00, 0x00, 0x00, 0x00, 0x00, 0x00, 0x00,
		0x00, 0x00, 0x00, 0x00, 0x00, 0x07, 0x37, 0x04, 0x2E, 0x2F, 0x00, 0x00, 0x00, 0x00, 0x00, 0x00,
		0x00, 0x00, 0x00, 0x00, 0x00, 0x00, 0x00, 0x00, 0x2E, 0x2F, 0x09, 0x01, 0x0D, 0x10, 0x22, 0x32,
		0x35, 0x00, 0x00, 0x39, 0x39, 0x39, 0x39, 0x39, 0x4D, 0x4E, 0x27, 0x5C, 0x09, 0x08, 0x00, 0x00,
		0x60, 0x60, 0x60, 0x60, 0x05, 0x0B, 0x06, 0x08, 0x00, 0x00, 0x00, 0x00, 0x00, 0x00, 0x00, 0x92,
		0xE7, 0xAF, 0x89, 0xE5, 0x9C, 0xB0, 0xE9, 0x8A, 0x80, 0xE3, 0x81, 0xA0, 0xE3, 0x81, 0x93, 0xE3,
		0x81, 0xAF, 0xEF, 0xBC, 0x92, 0xEF, 0xBC, 0x90, 0xE5, 0x91, 0xA8, 0xE5, 0xB9, 0xB4, 0xEF, 0xBC,
		0x81, 0xE3, 0x83, 0x8B, 0xE3, 0x83, 0xA3, 0x00, 0x00, 0x00, 0x00, 0x00, 0x00, 0x00, 0x00, 0x00,
		0x00, 0x00, 0x00, 0x00, 0x00, 0x00, 0x00, 0x00, 0x00, 0x00, 0x00, 0x00, 0xE7, 0xAF, 0x89, 0xE5,
		0x9C, 0xB0, 0xE3, 0x80, 0x80, 0xE9, 0x8A, 0x80, 0xE6, 0xAC, 0xA1, 0xE9, 0x83, 0x8E, 0x00, 0x00,
		0x00, 0x00, 0x00, 0x00, 0x00, 0x00, 0x00, 0x00, 0x00, 0x00, 0x00, 0x00, 0x00, 0x00, 0x00, 0x00,
		0x00, 0x00, 0x00, 0x00, 0x00, 0x00, 0x00, 0x00, 0x00, 0x00, 0x00, 0x00, 0x00, 0x00, 0x00, 0x00,
		0x00, 0x00, 0x00, 0x00, 0x00, 0x00, 0x00, 0x00, 0x00, 0x00, 0x00, 0x00, 0x00, 0x00, 0x00, 0x00,
		0x80, 0x05, 0x00, 0x00, 0x00, 0x00, 0x00, 0x00, 0x00, 0x00, 0x00, 0x00, 0x00, 0x00, 0x00, 0x00,
		0x00, 0x00, 0x00, 0x00, 0x00, 0x00, 0x00, 0x00, 0x00, 0x00, 0x00, 0x00, 0x00, 0x00, 0x00, 0x00,
		0xFF, 0xFF, 0xFF, 0xFF, 0xFF, 0xFF, 0xFF, 0xFF, 0xFF, 0xFF, 0xFF, 0xFF, 0xFF, 0xFF, 0x0F, 0x03,
		0x05, 0x00, 0x00, 0x00, 0x02, 0x02, 0x03, 0x00, 0x00, 0x00, 0xE6, 0x00, 0x12, 0xFF, 0xE2, 0xE5,
		0xD3, 0xFF, 0xE2, 0xE5, 0xD3, 0xFF, 0x8B, 0xA1, 0x50, 0xFF, 0x00, 0x00, 0x00, 0xFF, 0x00, 0x00,
		0x00, 0xFF, 0x00, 0x00, 0x00, 0xFF, 0x00, 0x00, 0x00, 0xFF, 0x00, 0x00, 0x00, 0xFF, 0x00, 0x00,
		0x00, 0x00, 0xF8, 0xFF
	]),
	new Uint8Array([
		0xE3, 0x83, 0x90, 0xE3, 0x83, 0xBC, 0xE3, 0x83, 0x9F, 0xE3, 0x83, 0x8B, 0xE3, 0x83, 0xA3, 0xE3,
		0x83, 0xB3, 0x00, 0x00, 0x00, 0x00, 0x00, 0x00, 0x00, 0x00, 0x00, 0x00, 0x00, 0x00, 0x00, 0x00,
		0x00, 0x00, 0x00, 0x00, 0x00, 0x01, 0x37, 0x01, 0x1D, 0x1A, 0x00, 0x00, 0x00, 0x00, 0x00, 0x00,
		0x00, 0x00, 0x00, 0x00, 0x00, 0x00, 0x00, 0x00, 0x1D, 0x1A, 0x09, 0x01, 0x19, 0x08, 0x28, 0x2B,
		0x34, 0x35, 0x22, 0x23, 0x00, 0x00, 0x39, 0x39, 0x03, 0x0A, 0x5F, 0x24, 0x25, 0x2A, 0x22, 0x2F,
		0x00, 0x00, 0x60, 0x60, 0x00, 0x0E, 0x01, 0x0A, 0x00, 0x00, 0x00, 0x00, 0x00, 0x00, 0x00, 0x93,
		0xE3, 0x83, 0x8B, 0xE3, 0x83, 0xA3, 0xE3, 0x83, 0xB3, 0xE3, 0x82, 0xB3, 0xE3, 0x83, 0x83, 0xE3,
		0x82, 0xAF, 0xE3, 0x81, 0xAB, 0xE3, 0x81, 0xAF, 0xE8, 0xB2, 0xA0, 0xE3, 0x81, 0x91, 0xE3, 0x81,
		0xAA, 0xE3, 0x81, 0x84, 0xE3, 0x83, 0x8B, 0xE3, 0x83, 0xA3, 0x00, 0x00, 0x00, 0x00, 0x00, 0x00,
		0x00, 0x00, 0x00, 0x00, 0x00, 0x00, 0x00, 0x00, 0x00, 0x00, 0x00, 0x00, 0xE3, 0x82, 0x88, 0xE3,
		0x81, 0x97, 0xE3, 0x81, 0xA0, 0xE3, 0x81, 0x95, 0xE3, 0x82, 0x93, 0x00, 0x00, 0x00, 0x00, 0x00,
		0x00, 0x00, 0x00, 0x00, 0x00, 0x00, 0x00, 0x00, 0x00, 0x00, 0x00, 0x00, 0x00, 0x00, 0x00, 0x00,
		0x00, 0x00, 0x00, 0x00, 0x00, 0x00, 0x00, 0x00, 0x00, 0x00, 0x00, 0x00, 0x00, 0x00, 0x00, 0x00,
		0x00, 0x00, 0x00, 0x00, 0x00, 0x00, 0x00, 0x00, 0x00, 0x00, 0x00, 0x00, 0x00, 0x00, 0x00, 0x00,
		0x80, 0x05, 0x00, 0x00, 0x00, 0x00, 0x00, 0x00, 0x00, 0x00, 0x00, 0x00, 0x00, 0x00, 0x00, 0x00,
		0x00, 0x00, 0x00, 0x00, 0x00, 0x00, 0x00, 0x00, 0x00, 0x00, 0x00, 0x00, 0x00, 0x00, 0x00, 0x00,
		0xFF, 0xFF, 0xFF, 0xFF, 0xFF, 0xFF, 0xFF, 0xFF, 0xFF, 0xFF, 0xFF, 0xFF, 0xFF, 0xFF, 0x0F, 0x01,
		0x00, 0x00, 0x00, 0x00, 0x01, 0x03, 0x03, 0x00, 0x00, 0x00, 0xF3, 0x8D, 0xC0, 0xFF, 0xDF, 0x99,
		0xD6, 0xFF, 0xDF, 0x99, 0xD6, 0xFF, 0x8B, 0xA1, 0x50, 0xFF, 0x00, 0x00, 0x00, 0xFF, 0x00, 0x00,
		0x00, 0xFF, 0x00, 0x00, 0x00, 0xFF, 0x00, 0x00, 0x00, 0xFF, 0x00, 0x00, 0x00, 0xFF, 0x00, 0x00,
		0x00, 0x00, 0xF8, 0xFF
	]),
	new Uint8Array([
		0xE7, 0x86, 0x9F, 0xE6, 0x88, 0x90, 0xE8, 0x82, 0x89, 0xE6, 0x8F, 0x90, 0xE4, 0xBE, 0x9B, 0xE7,
		0x8C, 0xAB, 0x00, 0x00, 0x00, 0x00, 0x00, 0x00, 0x00, 0x00, 0x00, 0x00, 0x00, 0x00, 0x00, 0x00,
		0x00, 0x00, 0x00, 0x00, 0x00, 0x03, 0x37, 0x02, 0x14, 0x18, 0x00, 0x00, 0x00, 0x00, 0x00, 0x00,
		0x00, 0x00, 0x00, 0x00, 0x00, 0x00, 0x00, 0x00, 0x14, 0x18, 0x09, 0x01, 0x2C, 0x16, 0x19, 0x2A,
		0x32, 0x0A, 0x00, 0x00, 0x39, 0x39, 0x39, 0x39, 0x29, 0x2B, 0x58, 0x1F, 0x1C, 0x1A, 0x2A, 0x00,
		0x00, 0x60, 0x60, 0x60, 0x01, 0x0C, 0x02, 0x09, 0x00, 0x00, 0x00, 0x00, 0x00, 0x00, 0x00, 0x94,
		0xE3, 0x82, 0xB9, 0xE3, 0x83, 0x86, 0xE3, 0x83, 0xBC, 0xE3, 0x82, 0xAD, 0xE3, 0x82, 0xAC, 0xE3,
		0x82, 0xB9, 0xE3, 0x83, 0x88, 0xE3, 0x81, 0xAB, 0xE8, 0xA1, 0x8C, 0xE3, 0x81, 0x8F, 0xE3, 0x83,
		0x8B, 0xE3, 0x83, 0xA3, 0x00, 0x00, 0x00, 0x00, 0x00, 0x00, 0x00, 0x00, 0x00, 0x00, 0x00, 0x00,
		0x00, 0x00, 0x00, 0x00, 0x00, 0x00, 0x00, 0x00, 0x00, 0x00, 0x00, 0x00, 0xE3, 0x83, 0xAA, 0xE3,
		0x82, 0xAA, 0xE3, 0x83, 0x91, 0xE3, 0x83, 0x91, 0xE3, 0x81, 0x95, 0xE3, 0x82, 0x93, 0x00, 0x00,
		0x00, 0x00, 0x00, 0x00, 0x00, 0x00, 0x00, 0x00, 0x00, 0x00, 0x00, 0x00, 0x00, 0x00, 0x00, 0x00,
		0x00, 0x00, 0x00, 0x00, 0x00, 0x00, 0x00, 0x00, 0x00, 0x00, 0x00, 0x00, 0x00, 0x00, 0x00, 0x00,
		0x00, 0x00, 0x00, 0x00, 0x00, 0x00, 0x00, 0x00, 0x00, 0x00, 0x00, 0x00, 0x00, 0x00, 0x00, 0x00,
		0x80, 0x05, 0x00, 0x00, 0x00, 0x00, 0x00, 0x00, 0x00, 0x00, 0x00, 0x00, 0x00, 0x00, 0x00, 0x00,
		0x00, 0x00, 0x00, 0x00, 0x00, 0x00, 0x00, 0x00, 0x00, 0x00, 0x00, 0x00, 0x00, 0x00, 0x00, 0x00,
		0xFF, 0xFF, 0xFF, 0xFF, 0xFF, 0xFF, 0xFF, 0xFF, 0xFF, 0xFF, 0xFF, 0xFF, 0xFF, 0xFF, 0x0F, 0x03,
		0x02, 0x00, 0x00, 0x00, 0x06, 0x03, 0x03, 0x00, 0x00, 0x00, 0xA1, 0x73, 0x45, 0xFF, 0xED, 0x87,
		0x40, 0xFF, 0xED, 0x87, 0x40, 0xFF, 0x8B, 0xA1, 0x50, 0xFF, 0x00, 0x00, 0x00, 0xFF, 0x00, 0x00,
		0x00, 0xFF, 0x00, 0x00, 0x00, 0xFF, 0x00, 0x00, 0x00, 0xFF, 0x00, 0x00, 0x00, 0xFF, 0x00, 0x00,
		0x00, 0x00, 0xF8, 0xFF
	]),
	new Uint8Array([
		0xE3, 0x83, 0x84, 0xE3, 0x82, 0xBF, 0xE3, 0x82, 0xAA, 0x00, 0x00, 0x00, 0x00, 0x00, 0x00, 0x00,
		0x00, 0x00, 0x00, 0x00, 0x00, 0x00, 0x00, 0x00, 0x00, 0x00, 0x00, 0x00, 0x00, 0x00, 0x00, 0x00,
		0x00, 0x00, 0x00, 0x00, 0x00, 0x04, 0x37, 0x05, 0x03, 0x05, 0x00, 0x00, 0x00, 0x00, 0x00, 0x00,
		0x00, 0x00, 0x00, 0x00, 0x00, 0x00, 0x00, 0x00, 0x03, 0x05, 0x09, 0x01, 0x02, 0x37, 0x04, 0x36,
		0x00, 0x00, 0x39, 0x39, 0x39, 0x39, 0x39, 0x39, 0x05, 0x2E, 0x15, 0x54, 0x1D, 0x1B, 0x1A, 0x00,
		0x00, 0x60, 0x60, 0x60, 0x06, 0x0A, 0x05, 0x09, 0x00, 0x00, 0x00, 0x00, 0x00, 0x00, 0x00, 0x95,
		0xE3, 0x83, 0x9C, 0xE3, 0x82, 0xAF, 0xE3, 0x81, 0xAF, 0xE3, 0x83, 0x84, 0xE3, 0x82, 0xBF, 0xE3,
		0x83, 0xAA, 0xE3, 0x83, 0xBC, 0xE3, 0x83, 0x8C, 0xE3, 0x81, 0xAE, 0xE6, 0x81, 0xAF, 0xE5, 0xAD,
		0x90, 0xE3, 0x83, 0x8B, 0xE3, 0x83, 0xA3, 0x00, 0x00, 0x00, 0x00, 0x00, 0x00, 0x00, 0x00, 0x00,
		0x00, 0x00, 0x00, 0x00, 0x00, 0x00, 0x00, 0x00, 0x00, 0x00, 0x00, 0x00, 0xE8, 0x94, 0xA6, 0xE5,
		0xB1, 0x8B, 0xE2, 0x85, 0xA9, 0xE2, 0x85, 0xA2, 0xE4, 0xB8, 0x96, 0x00, 0x00, 0x00, 0x00, 0x00,
		0x00, 0x00, 0x00, 0x00, 0x00, 0x00, 0x00, 0x00, 0x00, 0x00, 0x00, 0x00, 0x00, 0x00, 0x00, 0x00,
		0x00, 0x00, 0x00, 0x00, 0x00, 0x00, 0x00, 0x00, 0x00, 0x00, 0x00, 0x00, 0x00, 0x00, 0x00, 0x00,
		0x00, 0x00, 0x00, 0x00, 0x00, 0x00, 0x00, 0x00, 0x00, 0x00, 0x00, 0x00, 0x00, 0x00, 0x00, 0x00,
		0x80, 0x05, 0x00, 0x00, 0x00, 0x00, 0x00, 0x00, 0x00, 0x00, 0x00, 0x00, 0x00, 0x00, 0x00, 0x00,
		0x00, 0x00, 0x00, 0x00, 0x00, 0x00, 0x00, 0x00, 0x00, 0x00, 0x00, 0x00, 0x00, 0x00, 0x00, 0x00,
		0xFF, 0xFF, 0xFF, 0xFF, 0xFF, 0xFF, 0xFF, 0xFF, 0xFF, 0xFF, 0xFF, 0xFF, 0xFF, 0xFF, 0x0F, 0x03,
		0x00, 0x00, 0x00, 0x00, 0x01, 0x02, 0x04, 0x00, 0x00, 0x00, 0x5A, 0x88, 0xE4, 0xFF, 0xED, 0xD4,
		0x00, 0xFF, 0xED, 0xD4, 0x00, 0xFF, 0x8B, 0xA1, 0x50, 0xFF, 0x00, 0x00, 0x00, 0xFF, 0x00, 0x00,
		0x00, 0xFF, 0x00, 0x00, 0x00, 0xFF, 0x00, 0x00, 0x00, 0xFF, 0x00, 0x00, 0x00, 0xFF, 0x00, 0x00,
		0x00, 0x00, 0xF8, 0xFF
	]),
	new Uint8Array([
		0xE3, 0x83, 0x8B, 0xE3, 0x83, 0xA3, 0xE3, 0x83, 0xAA, 0xE3, 0x83, 0x83, 0xE3, 0x82, 0xAF, 0x00,
		0x00, 0x00, 0x00, 0x00, 0x00, 0x00, 0x00, 0x00, 0x00, 0x00, 0x00, 0x00, 0x00, 0x00, 0x00, 0x00,
		0x00, 0x00, 0x00, 0x00, 0x00, 0x04, 0x37, 0x03, 0x03, 0x07, 0x00, 0x00, 0x00, 0x00, 0x00, 0x00,
		0x00, 0x00, 0x00, 0x00, 0x00, 0x00, 0x00, 0x00, 0x03, 0x07, 0x09, 0x01, 0x02, 0x04, 0x30, 0x17,
		0x22, 0x00, 0x00, 0x39, 0x39, 0x39, 0x39, 0x39, 0x05, 0x2E, 0x13, 0x5E, 0x14, 0x20, 0x00, 0x00,
		0x60, 0x60, 0x60, 0x60, 0x05, 0x0B, 0x06, 0x08, 0x00, 0x00, 0x00, 0x00, 0x00, 0x00, 0x00, 0x96,
		0xE7, 0x8B, 0xA9, 0xE6, 0xB4, 0xBB, 0xE3, 0x81, 0x97, 0xE3, 0x82, 0x88, 0xE3, 0x81, 0x86, 0xE3,
		0x83, 0x8B, 0xE3, 0x83, 0xA3, 0xEF, 0xBC, 0x81, 0x00, 0x00, 0x00, 0x00, 0x00, 0x00, 0x00, 0x00,
		0x00, 0x00, 0x00, 0x00, 0x00, 0x00, 0x00, 0x00, 0x00, 0x00, 0x00, 0x00, 0x00, 0x00, 0x00, 0x00,
		0x00, 0x00, 0x00, 0x00, 0x00, 0x00, 0x00, 0x00, 0x00, 0x00, 0x00, 0x00, 0xE5, 0xBF, 0xAB, 0xE6,
		0xB4, 0xBB, 0x43, 0x4C, 0x55, 0x42, 0x00, 0x00, 0x00, 0x00, 0x00, 0x00, 0x00, 0x00, 0x00, 0x00,
		0x00, 0x00, 0x00, 0x00, 0x00, 0x00, 0x00, 0x00, 0x00, 0x00, 0x00, 0x00, 0x00, 0x00, 0x00, 0x00,
		0x00, 0x00, 0x00, 0x00, 0x00, 0x00, 0x00, 0x00, 0x00, 0x00, 0x00, 0x00, 0x00, 0x00, 0x00, 0x00,
		0x00, 0x00, 0x00, 0x00, 0x00, 0x00, 0x00, 0x00, 0x00, 0x00, 0x00, 0x00, 0x00, 0x00, 0x00, 0x00,
		0x80, 0x05, 0x00, 0x00, 0x00, 0x00, 0x00, 0x00, 0x00, 0x00, 0x00, 0x00, 0x00, 0x00, 0x00, 0x00,
		0x00, 0x00, 0x00, 0x00, 0x00, 0x00, 0x00, 0x00, 0x00, 0x00, 0x00, 0x00, 0x00, 0x00, 0x00, 0x00,
		0xFF, 0xFF, 0xFF, 0xFF, 0xFF, 0xFF, 0xFF, 0xFF, 0xFF, 0xFF, 0xFF, 0xFF, 0xFF, 0xFF, 0x0F, 0x02,
		0x00, 0x00, 0x00, 0x00, 0x03, 0x04, 0x04, 0x00, 0x00, 0x00, 0x30, 0x2E, 0x48, 0xFF, 0xED, 0xD4,
		0x00, 0xFF, 0xED, 0xD4, 0x00, 0xFF, 0x8B, 0xA1, 0x50, 0xFF, 0x00, 0x00, 0x00, 0xFF, 0x00, 0x00,
		0x00, 0xFF, 0x00, 0x00, 0x00, 0xFF, 0x00, 0x00, 0x00, 0xFF, 0x00, 0x00, 0x00, 0xFF, 0x00, 0x00,
		0x00, 0x00, 0xF8, 0xFF
	]),
	new Uint8Array([
		0xE3, 0x83, 0x8A, 0xE3, 0x83, 0x8A, 0xE3, 0x82, 0xB3, 0xEF, 0xBC, 0xB8, 0xEF, 0xBC, 0xB8, 0x00,
		0x00, 0x00, 0x00, 0x00, 0x00, 0x00, 0x00, 0x00, 0x00, 0x00, 0x00, 0x00, 0x00, 0x00, 0x00, 0x00,
		0x00, 0x00, 0x00, 0x00, 0x00, 0x06, 0x37, 0x02, 0x25, 0x1B, 0x00, 0x00, 0x00, 0x00, 0x00, 0x00,
		0x00, 0x00, 0x00, 0x00, 0x00, 0x00, 0x00, 0x00, 0x25, 0x1B, 0x09, 0x01, 0x24, 0x19, 0x33, 0x0E,
		0x08, 0x20, 0x00, 0x00, 0x39, 0x39, 0x39, 0x39, 0x2C, 0x16, 0x59, 0x09, 0x28, 0x01, 0x2F, 0x00,
		0x00, 0x60, 0x60, 0x60, 0x04, 0x0C, 0x02, 0x09, 0x00, 0x00, 0x00, 0x00, 0x00, 0x00, 0x00, 0x97,
		0xE8, 0xBF, 0x91, 0xE3, 0x81, 0x8F, 0xE3, 0x81, 0xA6, 0xE4, 0xBE, 0xBF, 0xE5, 0x88, 0xA9, 0xE3,
		0x81, 0xAA, 0xE3, 0x82, 0xBB, 0xE3, 0x83, 0x96, 0xE3, 0x83, 0xB3, 0xE3, 0x81, 0xAB, 0xE8, 0xA1,
		0x8C, 0xE3, 0x81, 0x8F, 0xE3, 0x83, 0x8B, 0xE3, 0x83, 0xA3, 0x00, 0x00, 0x00, 0x00, 0x00, 0x00,
		0x00, 0x00, 0x00, 0x00, 0x00, 0x00, 0x00, 0x00, 0x00, 0x00, 0x00, 0x00, 0xE7, 0xAC, 0x91, 0xE9,
		0xA1, 0x94, 0xE3, 0x81, 0xAE, 0xE5, 0xBA, 0x97, 0xE5, 0x93, 0xA1, 0x00, 0x00, 0x00, 0x00, 0x00,
		0x00, 0x00, 0x00, 0x00, 0x00, 0x00, 0x00, 0x00, 0x00, 0x00, 0x00, 0x00, 0x00, 0x00, 0x00, 0x00,
		0x00, 0x00, 0x00, 0x00, 0x00, 0x00, 0x00, 0x00, 0x00, 0x00, 0x00, 0x00, 0x00, 0x00, 0x00, 0x00,
		0x00, 0x00, 0x00, 0x00, 0x00, 0x00, 0x00, 0x00, 0x00, 0x00, 0x00, 0x00, 0x00, 0x00, 0x00, 0x00,
		0x80, 0x05, 0x00, 0x00, 0x00, 0x00, 0x00, 0x00, 0x00, 0x00, 0x00, 0x00, 0x00, 0x00, 0x00, 0x00,
		0x00, 0x00, 0x00, 0x00, 0x00, 0x00, 0x00, 0x00, 0x00, 0x00, 0x00, 0x00, 0x00, 0x00, 0x00, 0x00,
		0xFF, 0xFF, 0xFF, 0xFF, 0xFF, 0xFF, 0xFF, 0xFF, 0xFF, 0xFF, 0xFF, 0xFF, 0xFF, 0xFF, 0x0F, 0x01,
		0x00, 0x00, 0x00, 0x00, 0x06, 0x01, 0x03, 0x00, 0x00, 0x00, 0xEF, 0xFD, 0x32, 0xFF, 0x6A, 0x49,
		0x1B, 0xFF, 0x6A, 0x49, 0x1B, 0xFF, 0x8B, 0xA1, 0x50, 0xFF, 0x00, 0x00, 0x00, 0xFF, 0x00, 0x00,
		0x00, 0xFF, 0x00, 0x00, 0x00, 0xFF, 0x00, 0x00, 0x00, 0xFF, 0x00, 0x00, 0x00, 0xFF, 0x00, 0x00,
		0x00, 0x00, 0xF8, 0xFF
	]),
	new Uint8Array([
		0xE3, 0x83, 0x91, 0xE3, 0x82, 0xBB, 0xE3, 0x83, 0xAB, 0xE3, 0x83, 0xBC, 0xEF, 0xBC, 0xB8, 0xEF,
		0xBC, 0xB8, 0x00, 0x00, 0x00, 0x00, 0x00, 0x00, 0x00, 0x00, 0x00, 0x00, 0x00, 0x00, 0x00, 0x00,
		0x00, 0x00, 0x00, 0x00, 0x00, 0x04, 0x37, 0x05, 0x03, 0x07, 0x00, 0x00, 0x00, 0x00, 0x00, 0x00,
		0x00, 0x00, 0x00, 0x00, 0x00, 0x00, 0x00, 0x00, 0x03, 0x07, 0x09, 0x01, 0x13, 0x16, 0x2A, 0x30,
		0x17, 0x00, 0x00, 0x39, 0x39, 0x39, 0x39, 0x39, 0x05, 0x2E, 0x56, 0x51, 0x14, 0x19, 0x21, 0x00,
		0x00, 0x60, 0x60, 0x60, 0x05, 0x0B, 0x02, 0x09, 0x00, 0x00, 0x00, 0x00, 0x00, 0x00, 0x00, 0x98,
		0xE3, 0x83, 0x91, 0xE3, 0x82, 0xBB, 0xE3, 0x83, 0xA9, 0xE3, 0x81, 0xA7, 0xE3, 0x83, 0x8F, 0xE3,
		0x83, 0x8B, 0xE3, 0x83, 0x88, 0xE3, 0x83, 0xBC, 0xE9, 0xA3, 0x9F, 0xE3, 0x81, 0xB9, 0xE3, 0x82,
		0x8B, 0xE3, 0x83, 0x8B, 0xE3, 0x83, 0xA3, 0x00, 0x00, 0x00, 0x00, 0x00, 0x00, 0x00, 0x00, 0x00,
		0x00, 0x00, 0x00, 0x00, 0x00, 0x00, 0x00, 0x00, 0x00, 0x00, 0x00, 0x00, 0xE3, 0x83, 0x91, 0xE3,
		0x82, 0xBB, 0xE3, 0x83, 0xAB, 0xE3, 0x83, 0xBC, 0x00, 0x00, 0x00, 0x00, 0x00, 0x00, 0x00, 0x00,
		0x00, 0x00, 0x00, 0x00, 0x00, 0x00, 0x00, 0x00, 0x00, 0x00, 0x00, 0x00, 0x00, 0x00, 0x00, 0x00,
		0x00, 0x00, 0x00, 0x00, 0x00, 0x00, 0x00, 0x00, 0x00, 0x00, 0x00, 0x00, 0x00, 0x00, 0x00, 0x00,
		0x00, 0x00, 0x00, 0x00, 0x00, 0x00, 0x00, 0x00, 0x00, 0x00, 0x00, 0x00, 0x00, 0x00, 0x00, 0x00,
		0x80, 0x05, 0x00, 0x00, 0x00, 0x00, 0x00, 0x00, 0x00, 0x00, 0x00, 0x00, 0x00, 0x00, 0x00, 0x00,
		0x00, 0x00, 0x00, 0x00, 0x00, 0x00, 0x00, 0x00, 0x00, 0x00, 0x00, 0x00, 0x00, 0x00, 0x00, 0x00,
		0xFF, 0xFF, 0xFF, 0xFF, 0xFF, 0xFF, 0xFF, 0xFF, 0xFF, 0xFF, 0xFF, 0xFF, 0xFF, 0xFF, 0x0F, 0x02,
		0x04, 0x00, 0x00, 0x00, 0x05, 0x01, 0x03, 0x00, 0x00, 0x00, 0xF7, 0xFC, 0xFE, 0xFF, 0x71, 0xDE,
		0xFF, 0xFF, 0x71, 0xDE, 0xFF, 0xFF, 0x8B, 0xA1, 0x50, 0xFF, 0x00, 0x00, 0x00, 0xFF, 0x00, 0x00,
		0x00, 0xFF, 0x00, 0x00, 0x00, 0xFF, 0x00, 0x00, 0x00, 0xFF, 0x00, 0x00, 0x00, 0xFF, 0x00, 0x00,
		0x00, 0x00, 0xF8, 0xFF
	]),
	new Uint8Array([
		0xE3, 0x82, 0xB8, 0xE3, 0x83, 0xA7, 0xE3, 0x82, 0xA4, 0xE3, 0x83, 0xAB, 0xEF, 0xBC, 0x8D, 0x00,
		0x00, 0x00, 0x00, 0x00, 0x00, 0x00, 0x00, 0x00, 0x00, 0x00, 0x00, 0x00, 0x00, 0x00, 0x00, 0x00,
		0x00, 0x00, 0x00, 0x00, 0x00, 0x04, 0x37, 0x03, 0x03, 0x07, 0x00, 0x00, 0x00, 0x00, 0x00, 0x00,
		0x00, 0x00, 0x00, 0x00, 0x00, 0x00, 0x00, 0x00, 0x03, 0x07, 0x09, 0x01, 0x02, 0x15, 0x31, 0x29,
		0x00, 0x00, 0x39, 0x39, 0x39, 0x39, 0x39, 0x39, 0x05, 0x2E, 0x07, 0x52, 0x06, 0x1D, 0x00, 0x00,
		0x60, 0x60, 0x60, 0x60, 0x06, 0x0A, 0x06, 0x08, 0x00, 0x00, 0x00, 0x00, 0x00, 0x00, 0x00, 0x99,
		0xEF, 0xBC, 0xAA, 0xEF, 0xBC, 0xAF, 0xEF, 0xBC, 0xB9, 0xEF, 0xBC, 0xB3, 0xEF, 0xBC, 0xAF, 0xEF,
		0xBC, 0xB5, 0xEF, 0xBC, 0xAE, 0xEF, 0xBC, 0xA4, 0xE3, 0x81, 0xAB, 0xE8, 0xA1, 0x8C, 0xE3, 0x81,
		0x8F, 0xE3, 0x83, 0x8B, 0xE3, 0x83, 0xA3, 0xE2, 0x99, 0xAA, 0x00, 0x00, 0x00, 0x00, 0x00, 0x00,
		0x00, 0x00, 0x00, 0x00, 0x00, 0x00, 0x00, 0x00, 0x00, 0x00, 0x00, 0x00, 0xE3, 0x82, 0xAB, 0xE3,
		0x83, 0xA9, 0xE3, 0x82, 0xAA, 0xE3, 0x82, 0xB1, 0x00, 0x00, 0x00, 0x00, 0x00, 0x00, 0x00, 0x00,
		0x00, 0x00, 0x00, 0x00, 0x00, 0x00, 0x00, 0x00, 0x00, 0x00, 0x00, 0x00, 0x00, 0x00, 0x00, 0x00,
		0x00, 0x00, 0x00, 0x00, 0x00, 0x00, 0x00, 0x00, 0x00, 0x00, 0x00, 0x00, 0x00, 0x00, 0x00, 0x00,
		0x00, 0x00, 0x00, 0x00, 0x00, 0x00, 0x00, 0x00, 0x00, 0x00, 0x00, 0x00, 0x00, 0x00, 0x00, 0x00,
		0x80, 0x05, 0x00, 0x00, 0x00, 0x00, 0x00, 0x00, 0x00, 0x00, 0x00, 0x00, 0x00, 0x00, 0x00, 0x00,
		0x00, 0x00, 0x00, 0x00, 0x00, 0x00, 0x00, 0x00, 0x00, 0x00, 0x00, 0x00, 0x00, 0x00, 0x00, 0x00,
		0xFF, 0xFF, 0xFF, 0xFF, 0xFF, 0xFF, 0xFF, 0xFF, 0xFF, 0xFF, 0xFF, 0xFF, 0xFF, 0xFF, 0x0F, 0x02,
		0x01, 0x00, 0x00, 0x00, 0x01, 0x04, 0x01, 0x00, 0x00, 0x00, 0xFA, 0xE6, 0xE6, 0xFF, 0xFA, 0xE4,
		0xD9, 0xFF, 0xFA, 0xE4, 0xD9, 0xFF, 0x8B, 0xA1, 0x50, 0xFF, 0x00, 0x00, 0x00, 0xFF, 0x00, 0x00,
		0x00, 0xFF, 0x00, 0x00, 0x00, 0xFF, 0x00, 0x00, 0x00, 0xFF, 0x00, 0x00, 0x00, 0xFF, 0x00, 0x00,
		0x00, 0x00, 0xF8, 0xFF
	]),
	new Uint8Array([
		0xE3, 0x81, 0x99, 0xE3, 0x81, 0x88, 0xE3, 0x81, 0xA1, 0xE3, 0x82, 0x87, 0xE3, 0x82, 0x93, 0x00,
		0x00, 0x00, 0x00, 0x00, 0x00, 0x00, 0x00, 0x00, 0x00, 0x00, 0x00, 0x00, 0x00, 0x00, 0x00, 0x00,
		0x00, 0x00, 0x00, 0x00, 0x00, 0x05, 0x37, 0x05, 0x0C, 0x06, 0x00, 0x00, 0x00, 0x00, 0x00, 0x00,
		0x00, 0x00, 0x00, 0x00, 0x00, 0x00, 0x00, 0x00, 0x0C, 0x06, 0x09, 0x01, 0x0D, 0x0B, 0x10, 0x0A,
		0x00, 0x00, 0x39, 0x39, 0x39, 0x39, 0x39, 0x39, 0x18, 0x0B, 0x17, 0x57, 0x4F, 0x1E, 0x2F, 0x00,
		0x00, 0x60, 0x60, 0x60, 0x06, 0x0A, 0x05, 0x09, 0x00, 0x00, 0x00, 0x00, 0x00, 0x00, 0x00, 0x9A,
		0xE3, 0x82, 0xA4, 0xE3, 0x83, 0xB3, 0xE3, 0x82, 0xB5, 0xE3, 0x82, 0xA4, 0xE3, 0x83, 0x89, 0xE3,
		0x81, 0xAE, 0xE3, 0x81, 0x99, 0xE3, 0x81, 0x88, 0xE3, 0x81, 0xA1, 0xE3, 0x82, 0x87, 0xE3, 0x82,
		0x93, 0xE3, 0x81, 0xA0, 0xE3, 0x83, 0x8B, 0xE3, 0x83, 0xA3, 0x00, 0x00, 0x00, 0x00, 0x00, 0x00,
		0x00, 0x00, 0x00, 0x00, 0x00, 0x00, 0x00, 0x00, 0x00, 0x00, 0x00, 0x00, 0xE3, 0x82, 0x84, 0xE3,
		0x81, 0xBE, 0xE3, 0x81, 0x95, 0xE3, 0x81, 0x8D, 0x00, 0x00, 0x00, 0x00, 0x00, 0x00, 0x00, 0x00,
		0x00, 0x00, 0x00, 0x00, 0x00, 0x00, 0x00, 0x00, 0x00, 0x00, 0x00, 0x00, 0x00, 0x00, 0x00, 0x00,
		0x00, 0x00, 0x00, 0x00, 0x00, 0x00, 0x00, 0x00, 0x00, 0x00, 0x00, 0x00, 0x00, 0x00, 0x00, 0x00,
		0x00, 0x00, 0x00, 0x00, 0x00, 0x00, 0x00, 0x00, 0x00, 0x00, 0x00, 0x00, 0x00, 0x00, 0x00, 0x00,
		0x80, 0x05, 0x00, 0x00, 0x00, 0x00, 0x00, 0x00, 0x00, 0x00, 0x00, 0x00, 0x00, 0x00, 0x00, 0x00,
		0x00, 0x00, 0x00, 0x00, 0x00, 0x00, 0x00, 0x00, 0x00, 0x00, 0x00, 0x00, 0x00, 0x00, 0x00, 0x00,
		0xFF, 0xFF, 0xFF, 0xFF, 0xFF, 0xFF, 0xFF, 0xFF, 0xFF, 0xFF, 0xFF, 0xFF, 0xFF, 0xFF, 0x0F, 0x03,
		0x01, 0x00, 0x00, 0x00, 0x03, 0x00, 0x02, 0x00, 0x00, 0x00, 0xFF, 0xFF, 0xFF, 0xFF, 0x7B, 0xFC,
		0xB3, 0xFF, 0xAA, 0x96, 0xE6, 0xFF, 0x8B, 0xA1, 0x50, 0xFF, 0x00, 0x00, 0x00, 0xFF, 0x00, 0x00,
		0x00, 0xFF, 0x00, 0x00, 0x00, 0xFF, 0x00, 0x00, 0x00, 0xFF, 0x00, 0x00, 0x00, 0xFF, 0x00, 0x00,
		0x00, 0x00, 0xF8, 0xFF
	]),
	new Uint8Array([
		0xE3, 0x81, 0xA8, 0xE3, 0x81, 0xA3, 0xE3, 0x81, 0x9F, 0xE3, 0x82, 0x93, 0x00, 0x00, 0x00, 0x00,
		0x00, 0x00, 0x00, 0x00, 0x00, 0x00, 0x00, 0x00, 0x00, 0x00, 0x00, 0x00, 0x00, 0x00, 0x00, 0x00,
		0x00, 0x00, 0x00, 0x00, 0x00, 0x05, 0x37, 0x05, 0x0C, 0x06, 0x00, 0x00, 0x00, 0x00, 0x00, 0x00,
		0x00, 0x00, 0x00, 0x00, 0x00, 0x00, 0x00, 0x00, 0x0C, 0x06, 0x09, 0x01, 0x2D, 0x2C, 0x2A, 0x19,
		0x0A, 0x00, 0x00, 0x39, 0x39, 0x39, 0x39, 0x39, 0x18, 0x0B, 0x0C, 0x53, 0x28, 0x4F, 0x00, 0x00,
		0x60, 0x60, 0x60, 0x60, 0x05, 0x0B, 0x06, 0x08, 0x00, 0x00, 0x00, 0x00, 0x00, 0x00, 0x00, 0x9B,
		0xE6, 0x97, 0xA5, 0xE6, 0x9C, 0xAC, 0xE3, 0x82, 0xB2, 0xE3, 0x83, 0xBC, 0xE3, 0x83, 0xA0, 0xE5,
		0xA4, 0xA7, 0xE8, 0xB3, 0x9E, 0xE5, 0x84, 0xAA, 0xE7, 0xA7, 0x80, 0xE8, 0xB3, 0x9E, 0xE8, 0xA8,
		0x98, 0xE5, 0xBF, 0xB5, 0xE3, 0x83, 0x8B, 0xE3, 0x83, 0xA3, 0x00, 0x00, 0x00, 0x00, 0x00, 0x00,
		0x00, 0x00, 0x00, 0x00, 0x00, 0x00, 0x00, 0x00, 0x00, 0x00, 0x00, 0x00, 0xE5, 0xB8, 0x82, 0xE5,
		0x8E, 0x9F, 0xEF, 0xBC, 0xA4, 0x00, 0x00, 0x00, 0x00, 0x00, 0x00, 0x00, 0x00, 0x00, 0x00, 0x00,
		0x00, 0x00, 0x00, 0x00, 0x00, 0x00, 0x00, 0x00, 0x00, 0x00, 0x00, 0x00, 0x00, 0x00, 0x00, 0x00,
		0x00, 0x00, 0x00, 0x00, 0x00, 0x00, 0x00, 0x00, 0x00, 0x00, 0x00, 0x00, 0x00, 0x00, 0x00, 0x00,
		0x00, 0x00, 0x00, 0x00, 0x00, 0x00, 0x00, 0x00, 0x00, 0x00, 0x00, 0x00, 0x00, 0x00, 0x00, 0x00,
		0x80, 0x05, 0x00, 0x00, 0x00, 0x00, 0x00, 0x00, 0x00, 0x00, 0x00, 0x00, 0x00, 0x00, 0x00, 0x00,
		0x00, 0x00, 0x00, 0x00, 0x00, 0x00, 0x00, 0x00, 0x00, 0x00, 0x00, 0x00, 0x00, 0x00, 0x00, 0x00,
		0xFF, 0xFF, 0xFF, 0xFF, 0xFF, 0xFF, 0xFF, 0xFF, 0xFF, 0xFF, 0xFF, 0xFF, 0xFF, 0xFF, 0x0F, 0x02,
		0x00, 0x00, 0x00, 0x00, 0x02, 0x00, 0x00, 0x00, 0x00, 0x00, 0x6B, 0x6F, 0x8B, 0xFF, 0xED, 0xD4,
		0x00, 0xFF, 0xED, 0xD4, 0x00, 0xFF, 0x8B, 0xA1, 0x50, 0xFF, 0x00, 0x00, 0x00, 0xFF, 0x00, 0x00,
		0x00, 0xFF, 0x00, 0x00, 0x00, 0xFF, 0x00, 0x00, 0x00, 0xFF, 0x00, 0x00, 0x00, 0xFF, 0x00, 0x00,
		0x00, 0x00, 0xF8, 0xFF
	]),
	new Uint8Array([
		0xE3, 0x81, 0xA6, 0xE3, 0x81, 0xA1, 0xE3, 0x81, 0xA6, 0xE3, 0x81, 0xA1, 0x00, 0x00, 0x00, 0x00,
		0x00, 0x00, 0x00, 0x00, 0x00, 0x00, 0x00, 0x00, 0x00, 0x00, 0x00, 0x00, 0x00, 0x00, 0x00, 0x00,
		0x00, 0x00, 0x00, 0x00, 0x00, 0x03, 0x37, 0x04, 0x14, 0x05, 0x00, 0x00, 0x00, 0x00, 0x00, 0x00,
		0x00, 0x00, 0x00, 0x00, 0x00, 0x00, 0x00, 0x00, 0x14, 0x05, 0x09, 0x01, 0x13, 0x04, 0x21, 0x20,
		0x00, 0x00, 0x39, 0x39, 0x39, 0x39, 0x39, 0x39, 0x29, 0x2B, 0x0D, 0x56, 0x14, 0x23, 0x00, 0x00,
		0x60, 0x60, 0x60, 0x60, 0x06, 0x0A, 0x06, 0x08, 0x00, 0x00, 0x00, 0x00, 0x00, 0x00, 0x00, 0x9C,
		0xE6, 0x97, 0xA5, 0xE6, 0x9C, 0xAC, 0xE3, 0x82, 0xB2, 0xE3, 0x83, 0xBC, 0xE3, 0x83, 0xA0, 0xE5,
		0xA4, 0xA7, 0xE8, 0xB3, 0x9E, 0xE5, 0x84, 0xAA, 0xE7, 0xA7, 0x80, 0xE8, 0xB3, 0x9E, 0xE8, 0xA8,
		0x98, 0xE5, 0xBF, 0xB5, 0xE3, 0x83, 0x8B, 0xE3, 0x83, 0xA3, 0x00, 0x00, 0x00, 0x00, 0x00, 0x00,
		0x00, 0x00, 0x00, 0x00, 0x00, 0x00, 0x00, 0x00, 0x00, 0x00, 0x00, 0x00, 0xE5, 0xB0, 0x8F, 0xE5,
		0xB6, 0x8B, 0xEF, 0xBC, 0xB0, 0x00, 0x00, 0x00, 0x00, 0x00, 0x00, 0x00, 0x00, 0x00, 0x00, 0x00,
		0x00, 0x00, 0x00, 0x00, 0x00, 0x00, 0x00, 0x00, 0x00, 0x00, 0x00, 0x00, 0x00, 0x00, 0x00, 0x00,
		0x00, 0x00, 0x00, 0x00, 0x00, 0x00, 0x00, 0x00, 0x00, 0x00, 0x00, 0x00, 0x00, 0x00, 0x00, 0x00,
		0x00, 0x00, 0x00, 0x00, 0x00, 0x00, 0x00, 0x00, 0x00, 0x00, 0x00, 0x00, 0x00, 0x00, 0x00, 0x00,
		0x80, 0x05, 0x00, 0x00, 0x00, 0x00, 0x00, 0x00, 0x00, 0x00, 0x00, 0x00, 0x00, 0x00, 0x00, 0x00,
		0x00, 0x00, 0x00, 0x00, 0x00, 0x00, 0x00, 0x00, 0x00, 0x00, 0x00, 0x00, 0x00, 0x00, 0x00, 0x00,
		0xFF, 0xFF, 0xFF, 0xFF, 0xFF, 0xFF, 0xFF, 0xFF, 0xFF, 0xFF, 0xFF, 0xFF, 0xFF, 0xFF, 0x0F, 0x03,
		0x02, 0x00, 0x00, 0x00, 0x06, 0x03, 0x00, 0x00, 0x00, 0x00, 0xE2, 0xE5, 0xD3, 0xFF, 0x73, 0xC8,
		0x76, 0xFF, 0x73, 0xC8, 0x76, 0xFF, 0x8B, 0xA1, 0x50, 0xFF, 0x00, 0x00, 0x00, 0xFF, 0x00, 0x00,
		0x00, 0xFF, 0x00, 0x00, 0x00, 0xFF, 0x00, 0x00, 0x00, 0xFF, 0x00, 0x00, 0x00, 0xFF, 0x00, 0x00,
		0x00, 0x00, 0xF8, 0xFF
	])
];
